DATE,USDBDT
2022-01-03,84.1469955444336
2022-01-04,84.24066925048828
2022-01-05,84.16546630859375
2022-01-06,84.21082305908203
2022-01-07,84.39068603515625
2022-01-10,83.92845153808594
2022-01-11,84.36962890625
2022-01-12,84.3738021850586
2022-01-13,84.37623596191406
2022-01-14,84.43934631347656
2022-01-17,84.32078552246094
2022-01-18,84.38843536376953
2022-01-19,84.4097900390625
2022-01-20,84.39412689208984
2022-01-21,84.40522766113281
2022-01-24,84.37358856201172
2022-01-25,84.40287017822266
2022-01-26,84.37212371826172
2022-01-27,84.380615234375
2022-01-28,84.32034301757812
2022-01-31,84.197265625
2022-02-01,84.37711334228516
2022-02-02,84.39027404785156
2022-02-03,84.38699340820312
2022-02-04,84.29894256591797
2022-02-07,84.3664779663086
2022-02-08,84.3862075805664
2022-02-09,84.40042877197266
2022-02-10,84.39315795898438
2022-02-11,84.4020004272461
2022-02-14,84.73368072509766
2022-02-15,84.41873931884766
2022-02-16,84.37403106689453
2022-02-17,84.41326904296875
2022-02-18,84.33973693847656
2022-02-21,84.51490783691406
2022-02-22,84.38551330566406
2022-02-23,84.37177276611328
2022-02-24,84.37589263916016
2022-02-25,84.38447570800781
2022-02-28,83.74467468261719
2022-03-01,84.40806579589844
2022-03-02,84.33759307861328
2022-03-03,84.38101196289062
2022-03-04,84.56049346923828
2022-03-07,84.91078186035156
2022-03-08,84.16095733642578
2022-03-09,84.18509674072266
2022-03-10,84.40238189697266
2022-03-11,84.36478424072266
2022-03-14,84.27452850341797
2022-03-15,84.353759765625
2022-03-16,84.27758026123047
2022-03-17,84.47943878173828
2022-03-18,84.44813537597656
2022-03-21,84.61009979248047
2022-03-22,84.4017333984375
2022-03-23,84.37296295166016
2022-03-24,84.53304290771484
2022-03-25,84.70210266113281
2022-03-28,84.89986419677734
2022-03-29,84.5499496459961
2022-03-30,84.549560546875
2022-03-31,84.60564422607422
2022-04-01,84.52503967285156
2022-04-04,84.75251770019531
2022-04-05,84.57227325439453
2022-04-06,84.53990173339844
2022-04-07,84.56266021728516
2022-04-08,84.56769561767578
2022-04-11,84.66190338134766
2022-04-12,84.65231323242188
2022-04-13,84.55064392089844
2022-04-14,84.51950073242188
2022-04-15,84.71891784667969
2022-04-18,85.44503021240234
2022-04-19,85.51345825195312
2022-04-20,84.59422302246094
2022-04-21,84.6004867553711
2022-04-22,85.04267883300781
2022-04-25,84.78932189941406
2022-04-26,84.5468978881836
2022-04-27,84.87657165527344
2022-04-28,84.84376525878906
2022-04-29,84.69261169433594
2022-05-02,84.96000671386719
2022-05-03,85.01592254638672
2022-05-04,84.65869140625
2022-05-05,85.02758026123047
2022-05-06,84.89940643310547
2022-05-09,84.73828887939453
2022-05-10,85.09632110595703
2022-05-11,84.94490051269531
2022-05-12,84.9679183959961
2022-05-13,84.9764404296875
2022-05-16,84.93499755859375
2022-05-17,85.84945678710938
2022-05-18,85.75791931152344
2022-05-19,85.84930419921875
2022-05-20,85.88927459716797
2022-05-23,85.84471130371094
2022-05-24,86.27163696289062
2022-05-25,86.32037353515625
2022-05-26,86.27326965332031
2022-05-27,86.30862426757812
2022-05-30,86.13418579101562
2022-05-31,87.36676025390625
2022-06-01,87.38391876220703
2022-06-02,87.38047790527344
2022-06-03,87.41374206542969
2022-06-06,87.52987670898438
2022-06-07,90.08091735839844
2022-06-08,90.8008804321289
2022-06-09,91.24610900878906
2022-06-10,91.26806640625
2022-06-13,91.94020080566406
2022-06-14,92.22864532470705
2022-06-15,91.20793914794922
2022-06-16,91.212890625
2022-06-17,91.2635498046875
2022-06-20,91.42413330078124
2022-06-21,91.27733612060548
2022-06-22,91.24333190917967
2022-06-23,91.2501449584961
2022-06-24,91.27300262451172
2022-06-27,91.16078186035156
2022-06-28,91.2744369506836
2022-06-29,91.76400756835938
2022-06-30,91.68936920166016
2022-07-01,91.72449493408205
2022-07-04,91.72838592529295
2022-07-05,91.7172622680664
2022-07-06,91.70954132080078
2022-07-07,91.70245361328124
2022-07-08,91.69734954833984
2022-07-11,91.24201965332033
2022-07-12,91.90010833740234
2022-07-13,91.59783935546876
2022-07-14,92.1572494506836
2022-07-15,92.16065979003906
2022-07-18,92.0123062133789
2022-07-19,92.1676788330078
2022-07-20,92.23400115966795
2022-07-21,92.11506652832033
2022-07-22,92.64704132080078
2022-07-25,92.29309844970705
2022-07-26,92.66407775878906
2022-07-27,92.93258666992188
2022-07-28,92.84343719482422
2022-07-29,92.97079467773438
2022-08-01,93.05645751953124
2022-08-02,93.0054931640625
2022-08-03,92.89452362060548
2022-08-04,92.89485931396484
2022-08-05,93.08590698242188
2022-08-08,93.39647674560548
2022-08-09,92.89817810058594
2022-08-10,92.9500503540039
2022-08-11,93.2612075805664
2022-08-12,93.26195526123048
2022-08-15,93.2437973022461
2022-08-16,93.26192474365234
2022-08-17,93.23249053955078
2022-08-18,93.33251190185548
2022-08-19,93.2320327758789
2022-08-22,93.36788940429688
2022-08-23,93.19701385498048
2022-08-24,93.21832275390624
2022-08-25,93.1592025756836
2022-08-26,93.12347412109376
2022-08-29,93.68240356445312
2022-08-30,93.26799774169922
2022-08-31,93.12161254882812
2022-09-01,93.13651275634766
2022-09-02,93.26520538330078
2022-09-05,93.23148345947266
2022-09-06,93.21163177490234
2022-09-07,93.15103149414062
2022-09-08,93.24212646484376
2022-09-09,93.2002410888672
2022-09-12,92.5173110961914
2022-09-13,93.26909637451172
2022-09-14,93.20458984375
2022-09-15,102.15766143798828
2022-09-16,102.65113067626952
2022-09-19,92.10633850097656
2022-09-20,101.62921142578124
2022-09-21,101.73746490478516
2022-09-22,101.81275177001952
2022-09-23,101.16493225097656
2022-09-26,101.89297485351562
2022-09-27,98.9510269165039
2022-09-28,99.01768493652344
2022-09-29,100.83294677734376
2022-09-30,99.39964294433594
2022-10-03,99.50497436523438
2022-10-04,99.83817291259766
2022-10-05,99.22030639648438
2022-10-06,100.79890441894533
2022-10-07,101.85619354248048
2022-10-10,102.32048797607422
2022-10-11,99.4354476928711
2022-10-12,99.74601745605467
2022-10-13,99.82512664794922
2022-10-14,100.25435638427734
2022-10-17,100.29627990722656
2022-10-18,100.87122344970705
2022-10-19,103.936279296875
2022-10-20,103.99727630615234
2022-10-21,99.56027221679688
2022-10-24,98.38782501220705
2022-10-25,99.38981628417967
2022-10-26,103.88682556152344
2022-10-27,99.6189956665039
2022-10-28,99.5253677368164
2022-10-31,99.5720443725586
2022-11-01,99.54566955566406
2022-11-02,99.27310943603516
2022-11-03,100.08391571044922
2022-11-04,100.02265167236328
2022-11-07,99.68706512451172
2022-11-08,100.05110168457033
2022-11-09,99.5662841796875
2022-11-10,103.89364624023438
2022-11-11,100.11962127685548
2022-11-14,99.65524291992188
2022-11-15,100.5900421142578
2022-11-16,100.8822250366211
2022-11-17,101.1171875
2022-11-18,101.2339096069336
2022-11-21,101.23448944091795
2022-11-22,101.31879425048828
2022-11-23,100.71739196777344
2022-11-24,100.28085327148438
2022-11-25,100.15565490722656
2022-11-28,100.07860565185548
2022-11-29,104.0191879272461
2022-11-30,99.95015716552734
2022-12-01,99.8887176513672
2022-12-02,100.84022521972656
2022-12-05,100.74230194091795
2022-12-06,101.42125701904295
2022-12-07,101.54814910888672
2022-12-08,101.04426574707033
2022-12-09,101.19632720947266
2022-12-12,101.7153549194336
2022-12-13,101.20553588867188
2022-12-14,102.02415466308594
2022-12-15,101.60684967041016
2022-12-16,102.75071716308594
2022-12-19,102.9541015625
2022-12-20,104.68082427978516
2022-12-21,100.99989318847656
2022-12-22,104.30020141601562
2022-12-23,101.1471710205078
2022-12-26,104.1408920288086
2022-12-27,104.12225341796876
2022-12-28,100.9289779663086
2022-12-29,104.42218017578124
2022-12-30,100.97846221923828
2023-01-02,101.47303771972656
2023-01-03,104.77761840820312
2023-01-04,101.69898986816406
2023-01-05,101.98141479492188
2023-01-06,102.01427459716795
2023-01-09,102.17781829833984
2023-01-10,102.99315643310548
2023-01-11,103.42766571044922
2023-01-12,102.65975952148438
2023-01-13,102.51458740234376
2023-01-16,102.18020629882812
2023-01-17,102.30127716064452
2023-01-18,102.27794647216795
2023-01-19,104.77278137207033
2023-01-20,102.14673614501952
2023-01-23,103.9747085571289
2023-01-24,104.52739715576172
2023-01-25,104.94837188720705
2023-01-26,102.20671081542967
2023-01-27,104.44053649902344
2023-01-30,104.39674377441406
2023-01-31,104.42214965820312
2023-02-01,105.08404541015624
2023-02-02,104.42418670654295
2023-02-03,105.70293426513672
2023-02-06,106.6860580444336
2023-02-07,105.00304412841795
2023-02-08,105.00662994384766
2023-02-09,104.7279052734375
2023-02-10,102.92017364501952
2023-02-13,102.9590301513672
2023-02-14,105.22380065917967
2023-02-15,105.4528350830078
2023-02-16,104.81218719482422
2023-02-17,104.1147232055664
2023-02-20,103.51901245117188
2023-02-21,104.53678894042967
2023-02-22,104.59198760986328
2023-02-23,105.39879608154295
2023-02-24,105.35220336914062
2023-02-27,105.30792236328124
2023-02-28,104.94329071044922
2023-03-01,102.785400390625
2023-03-02,102.7752914428711
2023-03-03,105.3212890625
2023-03-06,105.3315200805664
2023-03-07,103.24217224121094
2023-03-08,103.57347106933594
2023-03-09,103.54888153076172
2023-03-10,103.7579574584961
2023-03-13,103.20913696289062
2023-03-14,103.87709045410156
2023-03-15,103.86329650878906
2023-03-16,103.87166595458984
2023-03-17,105.59158325195312
2023-03-20,104.0768051147461
2023-03-21,103.60366821289062
2023-03-22,105.3344497680664
2023-03-23,103.4487533569336
2023-03-24,103.32730102539062
2023-03-27,103.5196304321289
2023-03-28,103.3791275024414
2023-03-29,105.8793716430664
2023-03-30,105.17398834228516
2023-03-31,105.6125030517578
2023-04-03,105.3651123046875
2023-04-04,103.68598175048828
2023-04-05,104.01708984375
2023-04-06,105.87374877929688
2023-04-07,104.11205291748048
2023-04-10,103.4871597290039
2023-04-11,104.32861328125
2023-04-12,104.7270965576172
2023-04-13,104.74333953857422
2023-04-14,104.76817321777344
2023-04-17,104.35408782958984
2023-04-18,104.70941925048828
2023-04-19,104.58689880371094
2023-04-20,104.5577621459961
2023-04-21,104.51338958740234
2023-04-24,104.46101379394533
2023-04-25,104.1943817138672
2023-04-26,105.91549682617188
2023-04-27,104.59849548339844
2023-04-28,104.5159912109375
2023-05-01,103.14002227783205
2023-05-02,104.30626678466795
2023-05-03,104.3230209350586
2023-05-04,104.85252380371094
2023-05-05,104.82930755615234
2023-05-08,104.85308074951172
2023-05-09,105.3512954711914
2023-05-10,106.65148162841795
2023-05-11,105.80352783203124
2023-05-12,105.70340728759766
2023-05-15,105.40701293945312
2023-05-16,106.2693099975586
2023-05-17,105.75444793701172
2023-05-18,105.71206665039062
2023-05-19,105.67642974853516
2023-05-22,105.3633270263672
2023-05-23,105.6305160522461
2023-05-24,106.58071899414062
2023-05-25,105.42008972167967
2023-05-26,105.50016021728516
2023-05-29,105.73821258544922
2023-05-30,105.53031158447266
2023-05-31,105.58824157714844
2023-06-01,105.51742553710938
2023-06-02,105.55350494384766
2023-06-05,106.00848388671876
2023-06-06,105.86209106445312
2023-06-07,106.31481170654295
2023-06-08,106.24810791015624
2023-06-09,106.5712432861328
2023-06-12,106.54405212402344
2023-06-13,106.6900634765625
2023-06-14,106.73238372802734
2023-06-15,107.64938354492188
2023-06-16,106.66211700439452
2023-06-19,106.40645599365234
2023-06-20,106.58267211914062
2023-06-21,106.55564880371094
2023-06-22,106.5341796875
2023-06-23,106.54828643798828
2023-06-26,105.86621856689452
2023-06-27,106.5326919555664
2023-06-28,106.59967803955078
2023-06-29,106.60237121582033
2023-06-30,106.51856994628906
2023-07-03,105.83604431152344
2023-07-04,106.4641571044922
2023-07-05,106.7447738647461
2023-07-06,106.75856018066406
2023-07-07,106.9975128173828
2023-07-10,106.15349578857422
2023-07-11,106.96539306640624
2023-07-12,107.32861328125
2023-07-13,106.12828063964844
2023-07-14,107.1345443725586
2023-07-17,106.90314483642578
2023-07-18,107.15144348144533
2023-07-19,106.96736145019533
2023-07-20,106.97071075439452
2023-07-21,106.94695281982422
2023-07-24,106.8582992553711
2023-07-25,106.8617706298828
2023-07-26,106.9184112548828
2023-07-27,106.95892333984376
2023-07-28,106.93419647216795
2023-07-31,106.46491241455078
2023-08-01,106.95230865478516
2023-08-02,106.93447875976562
2023-08-03,107.96882629394533
2023-08-04,107.3064193725586
2023-08-07,106.66364288330078
2023-08-08,107.67339324951172
2023-08-09,107.77978515625
2023-08-10,107.8239288330078
2023-08-11,107.81744384765624
2023-08-14,108.2248306274414
2023-08-15,107.87338256835938
2023-08-16,107.8154296875
2023-08-17,107.82140350341795
2023-08-18,107.82140350341795
2023-08-21,107.5150375366211
2023-08-22,107.73117065429688
2023-08-23,107.59571838378906
2023-08-24,107.77478790283205
2023-08-25,107.5889892578125
2023-08-28,107.64599609375
2023-08-29,107.59760284423828
2023-08-30,107.76055145263672
2023-08-31,107.67697143554688
2023-09-01,107.60372924804688
2023-09-04,108.08057403564452
2023-09-05,108.35841369628906
2023-09-06,108.2449722290039
2023-09-07,107.99065399169922
2023-09-08,108.03240203857422
2023-09-11,107.93858337402344
2023-09-12,107.916748046875
2023-09-13,108.09675598144533
2023-09-14,108.09854125976562
2023-09-15,108.0658187866211
2023-09-18,107.8840103149414
2023-09-19,108.04782104492188
2023-09-20,108.07627868652344
2023-09-21,108.1204833984375
2023-09-22,108.12867736816406
2023-09-25,107.66852569580078
2023-09-26,108.51394653320312
2023-09-27,108.5603485107422
2023-09-28,108.68029022216795
2023-09-29,108.56104278564452
2023-10-02,108.78949737548828
2023-10-03,108.60484313964844
2023-10-04,108.58302307128906
2023-10-05,108.42840576171876
2023-10-06,108.2354507446289
2023-10-09,108.05941772460938
2023-10-10,108.51387786865234
2023-10-11,108.60951232910156
2023-10-12,108.56983947753906
2023-10-13,108.55889129638672
2023-10-16,108.58419799804688
2023-10-17,108.57115936279295
2023-10-18,108.40198516845705
2023-10-19,108.5505599975586
2023-10-20,108.50936126708984
2023-10-23,108.35965728759766
2023-10-24,108.51624298095705
2023-10-25,108.57083892822266
2023-10-26,108.55850982666016
2023-10-27,108.55957794189452
2023-10-30,108.30379486083984
2023-10-31,108.47370910644533
2023-11-01,108.53768157958984
2023-11-02,108.49295806884766
2023-11-03,108.87004089355467
2023-11-06,108.16954040527344
2023-11-07,108.5978775024414
2023-11-08,108.47698974609376
2023-11-09,109.13316345214844
2023-11-10,108.5602035522461
2023-11-13,108.17041015625
2023-11-14,109.1539077758789
2023-11-15,109.02495574951172
2023-11-16,109.16742706298828
2023-11-17,109.1609878540039
2023-11-20,108.5580825805664
2023-11-21,109.06561279296876
2023-11-22,109.0482177734375
2023-11-23,109.03306579589844
2023-11-24,108.67452239990234
2023-11-27,108.24163055419922
2023-11-28,108.62409973144533
2023-11-29,108.52691650390624
2023-11-30,108.5811004638672
2023-12-01,108.6139907836914
2023-12-04,108.6675033569336
2023-12-05,108.40267944335938
2023-12-06,108.3311767578125
2023-12-07,108.38553619384766
2023-12-08,108.41045379638672
2023-12-11,108.5115737915039
2023-12-12,108.42488861083984
2023-12-13,108.33541870117188
2023-12-14,108.34222412109376
2023-12-15,108.32044982910156
2023-12-18,108.9417495727539
2023-12-19,108.09052276611328
2023-12-20,108.01823425292967
2023-12-21,108.10514068603516
2023-12-22,108.08718872070312
2023-12-25,108.23792266845705
2023-12-26,108.23792266845705
2023-12-27,108.3106918334961
2023-12-28,108.09564971923828
2023-12-29,108.68170166015624
2024-01-01,108.326171875
2024-01-02,108.42424774169922
2024-01-03,108.14532470703124
2024-01-04,107.99930572509766
2024-01-05,108.090087890625
2024-01-08,107.79351043701172
2024-01-09,108.0438995361328
2024-01-10,108.05695343017578
2024-01-11,108.09551239013672
2024-01-12,108.12755584716795
2024-01-15,107.95677185058594
2024-01-16,107.99883270263672
2024-01-17,108.25595092773438
2024-01-18,108.08451080322266
2024-01-19,108.1019058227539
2024-01-22,108.01409912109376
2024-01-23,108.0664291381836
2024-01-24,108.04595947265624
2024-01-25,108.07809448242188
2024-01-26,108.14459228515624
2024-01-29,108.19641876220705
2024-01-30,108.02923583984376
2024-01-31,108.08043670654295
2024-02-01,107.89654541015624
2024-02-02,108.04861450195312
2024-02-05,109.08821105957033
2024-02-06,108.20320892333984
2024-02-07,108.15042114257812
2024-02-08,108.0927963256836
2024-02-09,108.1322250366211
2024-02-12,107.98126220703124
2024-02-13,108.0684585571289
2024-02-14,108.08478546142578
2024-02-15,108.0737762451172
2024-02-16,108.02606964111328
2024-02-19,108.08628845214844
2024-02-20,108.07125091552734
2024-02-21,108.0990982055664
2024-02-22,108.07757568359376
2024-02-23,108.12030792236328
2024-02-26,107.99612426757812
2024-02-27,108.07025909423828
2024-02-28,108.06082916259766
2024-02-29,107.85923767089844
2024-03-01,108.13880157470705
2024-03-04,107.73411560058594
2024-03-05,108.13226318359376
2024-03-06,108.11956787109376
2024-03-07,108.08574676513672
2024-03-08,107.62004089355467
2024-03-11,107.99871826171876
2024-03-12,108.12836456298828
2024-03-13,108.07894897460938
2024-03-14,108.08464813232422
2024-03-15,108.1328125
2024-03-18,108.1259765625
2024-03-19,108.38797760009766
2024-03-20,108.0971450805664
2024-03-21,108.0986328125
2024-03-22,108.09200286865234
2024-03-25,107.60734558105467
2024-03-26,108.076416015625
2024-03-27,108.1118392944336
2024-03-28,108.110107421875
2024-03-29,108.06100463867188
2024-04-01,107.93871307373048
2024-04-02,108.0362319946289
2024-04-03,108.07817840576172
2024-04-04,108.00684356689452
2024-04-05,108.07202911376952
2024-04-08,108.0350570678711
2024-04-09,107.80328369140624
2024-04-10,108.10785675048828
2024-04-11,108.21936798095705
2024-04-12,108.0657958984375
2024-04-15,107.80042266845705
2024-04-16,108.00900268554688
2024-04-17,108.00336456298828
2024-04-18,107.97789001464844
2024-04-19,108.05773162841795
2024-04-22,107.82062530517578
2024-04-23,108.15255737304688
2024-04-24,107.93329620361328
2024-04-25,108.081298828125
2024-04-26,108.07534790039062
2024-04-29,108.33995056152344
2024-04-30,108.04608154296876
2024-05-01,108.11466217041016
2024-05-02,108.05010223388672
2024-05-03,108.10456848144533
2024-05-06,107.88385772705078
2024-05-07,108.08000946044922
2024-05-08,108.09680938720705
2024-05-09,108.101318359375
2024-05-10,115.34949493408205
2024-05-13,115.4235382080078
2024-05-14,115.28298950195312
2024-05-15,115.32245635986328
2024-05-16,115.4258270263672
2024-05-17,115.4380340576172
2024-05-20,114.8364028930664
2024-05-21,115.56488800048828
2024-05-22,115.52090454101562
2024-05-23,115.55026245117188
2024-05-24,115.63961029052734
2024-05-27,115.50191497802734
2024-05-28,115.69479370117188
2024-05-29,115.91986846923828
2024-05-30,115.81375885009766
2024-05-31,115.7416000366211
2024-06-03,115.6619873046875
2024-06-04,115.71322631835938
2024-06-05,115.78186798095705
2024-06-06,115.84451293945312
2024-06-07,115.62190246582033
2024-06-10,116.56112670898438
2024-06-11,115.74240112304688
2024-06-12,115.99837493896484
2024-06-13,115.82592010498048
2024-06-14,116.10686492919922
2024-06-17,115.73574829101562
2024-06-18,115.802001953125
2024-06-19,115.83951568603516
2024-06-20,115.86097717285156
2024-06-21,115.80290985107422
2024-06-24,115.56967163085938
2024-06-25,115.83018493652344
2024-06-26,115.87874603271484
2024-06-27,115.84584045410156
2024-06-28,115.85440063476562
2024-07-01,115.71435546875
2024-07-02,115.8328094482422
2024-07-03,115.81722259521484
2024-07-04,115.8109893798828
2024-07-05,115.85975646972656
2024-07-08,115.94082641601562
2024-07-09,115.8730926513672
2024-07-10,115.91737365722656
2024-07-11,115.81655883789062
2024-07-12,115.83424377441406
2024-07-15,115.51526641845705
2024-07-16,115.83737182617188
2024-07-17,115.86264038085938
2024-07-18,115.80313873291016
2024-07-19,115.8738784790039
2024-07-22,115.83192443847656
2024-07-23,115.88065338134766
2024-07-24,115.78491973876952
2024-07-25,115.8660888671875
2024-07-26,115.84573364257812
2024-07-29,115.85765075683594
2024-07-30,115.87032318115234
2024-07-31,115.87953186035156
2024-08-01,115.79933166503906
2024-08-02,115.73149871826172
2024-08-05,114.79192352294922
2024-08-06,115.78803253173828
2024-08-07,115.88208770751952
2024-08-08,115.83863830566406
2024-08-09,115.83817291259766
2024-08-12,115.9085693359375
2024-08-13,115.87715911865234
2024-08-14,115.82199096679688
2024-08-15,115.88483428955078
2024-08-16,116.26338958740234
2024-08-19,115.42748260498048
2024-08-20,117.67317199707033
2024-08-21,117.38971710205078
2024-08-22,117.7211456298828
2024-08-23,117.9739990234375
2024-08-26,116.95587921142578
2024-08-27,117.89665985107422
2024-08-28,117.86721801757812
2024-08-29,117.6623992919922
2024-08-30,118.20519256591795
2024-09-02,118.04582977294922
2024-09-03,117.86444854736328
2024-09-04,117.84476470947266
2024-09-05,117.57433319091795
2024-09-06,117.73811340332033
2024-09-09,118.013427734375
2024-09-10,117.90876007080078
2024-09-11,117.91089630126952
2024-09-12,117.84080505371094
2024-09-13,117.93218994140624
2024-09-16,118.0496597290039
2024-09-17,117.9417953491211
2024-09-18,118.08470153808594
2024-09-19,117.91244506835938
2024-09-20,118.06368255615234
2024-09-23,117.70232391357422
2024-09-24,117.79357147216795
2024-09-25,117.91990661621094
2024-09-26,117.90261840820312
2024-09-27,117.89759063720705
2024-09-30,117.8630599975586
2024-10-01,117.84358215332033
2024-10-02,117.78543090820312
2024-10-03,117.8303680419922
2024-10-04,117.96640014648438
2024-10-07,118.35192108154295
2024-10-08,117.79558563232422
2024-10-09,117.8896942138672
2024-10-10,117.8702392578125
2024-10-11,117.89665985107422
2024-10-14,117.7040023803711
2024-10-15,117.88137817382812
2024-10-16,117.87208557128906
2024-10-17,117.82852172851562
2024-10-18,117.818115234375
2024-10-21,117.50103759765624
2024-10-22,117.83576202392578
2024-10-23,117.84861755371094
2024-10-24,117.80421447753906
2024-10-25,117.84589385986328
2024-10-28,118.08654022216795
2024-10-29,117.76768493652344
2024-10-30,117.85026550292967
2024-10-31,117.93804931640624
2024-11-01,117.77147674560548
2024-11-04,117.6951675415039
2024-11-05,117.92859649658205
2024-11-06,117.8775634765625
2024-11-07,117.81954193115234
2024-11-08,117.79627990722656
2024-11-11,118.48743438720705
2024-11-12,117.83245086669922
2024-11-13,117.87652587890624
2024-11-14,117.8894271850586
2024-11-15,117.77554321289062
2024-11-18,118.1546630859375
2024-11-19,117.25602722167967
2024-11-20,117.80970001220705
2024-11-21,117.80702209472656
2024-11-22,117.78404235839844
2024-11-25,117.74077606201172
2024-11-26,117.80313110351562
2024-11-27,117.44120025634766
2024-11-28,117.84495544433594
2024-11-29,117.77416229248048
2024-12-02,117.57146453857422
2024-12-03,117.73477935791016
2024-12-04,117.86913299560548
2024-12-05,117.86279296875
2024-12-06,117.87220001220705
2024-12-09,117.9329605102539
2024-12-10,117.97257995605467
2024-12-11,117.85887145996094
2024-12-12,117.656005859375
2024-12-13,117.87293243408205
2024-12-16,117.58267974853516
2024-12-17,117.70421600341795
2024-12-18,117.77993774414062
2024-12-19,117.79164123535156
2024-12-20,117.7895736694336
2024-12-23,117.29524993896484
2024-12-24,117.91151428222656
2024-12-25,117.69512939453124
2024-12-26,117.69512939453124
2024-12-27,117.5815200805664
2024-12-30,117.93986511230467
2024-12-31,117.70669555664062
2025-01-02,117.70669555664062
2025-01-03,119.77195739746094
2025-01-06,119.5501480102539
2025-01-07,119.88705444335938
2025-01-08,120.06916809082033
2025-01-09,119.88878631591795
2025-01-10,120.22128295898438
2025-01-13,120.7721939086914
2025-01-14,119.7813949584961
2025-01-15,119.8840103149414
2025-01-16,119.98912811279295
2025-01-17,119.83157348632812
2025-01-20,119.7515869140625
2025-01-21,120.19766235351562
2025-01-22,120.01235961914062
2025-01-23,120.24652862548828
2025-01-24,120.28679656982422
2025-01-27,120.0133285522461
2025-01-28,120.24617767333984
2025-01-29,119.8696060180664
2025-01-30,119.84896087646484
2025-01-31,120.15099334716795
2025-02-03,122.10475158691406
2025-02-04,120.14292907714844
2025-02-05,120.19470977783205
2025-02-06,119.81500244140624
2025-02-07,120.24188995361328
2025-02-10,120.75855255126952
2025-02-11,119.8609390258789
2025-02-12,119.7243423461914
2025-02-13,119.78599548339844
2025-02-14,119.9639892578125
2025-02-17,119.43611145019533
2025-02-18,119.78304290771484
2025-02-19,119.86895751953124
2025-02-20,119.7249984741211
2025-02-21,119.74677276611328
2025-02-24,119.82227325439452
2025-02-25,119.7480697631836
2025-02-26,119.68621063232422
2025-02-27,119.8198013305664
2025-02-28,119.73967742919922
2025-03-03,119.98651123046876
2025-03-04,119.61459350585938
2025-03-05,119.78700256347656
2025-03-06,119.64261627197266
2025-03-07,119.83794403076172
2025-03-10,119.98339080810548
2025-03-11,119.90060424804688
2025-03-12,119.83696746826172
2025-03-13,119.93666076660156
2025-03-14,119.83145904541016
2025-03-17,119.56969451904295
2025-03-18,119.88530731201172
2025-03-19,119.82908630371094
2025-03-20,119.8125
2025-03-21,119.82140350341795
2025-03-24,119.54953002929688
2025-03-25,119.93218994140624
2025-03-26,119.7961654663086
2025-03-27,119.9037628173828
2025-03-28,119.79004669189452
2025-03-31,118.59471893310548
2025-04-01,119.8626480102539
2025-04-02,119.91920471191406
2025-04-03,119.81571197509766
2025-04-04,119.86194610595705
2025-04-07,120.61117553710938
2025-04-08,119.9072494506836
2025-04-09,119.70897674560548
2025-04-10,119.77214050292967
2025-04-11,119.929931640625
2025-04-14,119.87214660644533
2025-04-15,119.91622924804688
2025-04-16,120.02452850341795
2025-04-17,119.83756256103516
2025-04-22,119.84445190429688
2025-04-23,119.9305419921875
2025-04-24,119.91002655029295
2025-04-25,119.83157348632812
2025-04-28,119.9101791381836
2025-04-29,119.94554138183594
2025-04-30,119.88490295410156
2025-05-01,119.884033203125
2025-05-02,120.2809066772461
2025-05-05,120.19107055664062
2025-05-06,119.8009796142578
2025-05-07,119.8855972290039
2025-05-08,119.91289520263672
2025-05-09,119.7799835205078
2025-05-12,119.80985260009766
2025-05-13,119.64418029785156
2025-05-14,119.82537841796876
2025-05-15,120.0488510131836
2025-05-16,119.9748077392578
2025-05-19,120.04881286621094
2025-05-20,119.91452026367188
2025-05-21,120.0371551513672
2025-05-22,120.18851470947266
2025-05-23,120.07076263427734
2025-05-26,120.01583099365234
2025-05-27,120.4308090209961
2025-05-28,120.50189208984376
2025-05-29,120.64313507080078
2025-05-30,120.65343475341795
2025-06-02,120.33982849121094
2025-06-03,120.53382110595705
2025-06-04,120.66899871826172
2025-06-05,120.56572723388672
2025-06-06,120.65290069580078
2025-06-09,120.84009552001952
2025-06-10,120.63628387451172
2025-06-11,120.56256866455078
2025-06-12,120.6688461303711
2025-06-13,120.6249008178711
2025-06-16,120.10730743408205
2025-06-17,120.69479370117188
2025-06-18,120.69628143310548
2025-06-19,120.67594146728516
2025-06-20,120.62471771240234
2025-06-23,120.70266723632812
2025-06-24,120.64178466796876
2025-06-25,120.6702651977539
2025-06-26,120.70465850830078
2025-06-27,120.58267211914062
2025-06-30,120.68244934082033
2025-07-01,121.2017822265625
2025-07-02,121.22187042236328
2025-07-03,120.44578552246094
2025-07-04,121.16381072998048
2025-07-07,121.13597106933594
2025-07-08,120.78339385986328
2025-07-09,120.3914794921875
2025-07-10,120.35272979736328
2025-07-11,120.1438446044922
2025-07-14,120.02906799316406
2025-07-15,119.46385955810548
2025-07-16,120.04264831542967
2025-07-17,119.77718353271484
2025-07-18,119.68280029296876
2025-07-21,119.96216583251952
2025-07-22,119.9324188232422
2025-07-23,120.21073150634766
2025-07-24,120.36346435546876
2025-07-25,120.7253875732422
2025-07-28,120.50900268554688
2025-07-29,121.02408599853516
2025-07-30,121.40735626220705
2025-07-31,121.09180450439452
2025-08-01,120.62299346923828
2025-08-04,118.82144927978516
2025-08-05,120.23617553710938
2025-08-06,120.38525390625
2025-08-07,120.14283752441406
2025-08-08,120.10929870605467
2025-08-11,119.79743194580078
2025-08-12,120.00051879882812
2025-08-13,120.09303283691406
2025-08-14,120.04082489013672
2025-08-15,120.00428009033205
2025-08-18,119.77613830566406
2025-08-19,119.91493225097656
2025-08-20,119.9820327758789
2025-08-21,119.80037689208984
2025-08-22,120.0763702392578
2025-08-25,118.7342758178711
2025-08-26,120.13681030273438
2025-08-27,120.2926254272461
2025-08-28,120.1267318725586
2025-08-29,120.02723693847656
2025-09-01,119.86310577392578
2025-09-02,120.00392150878906
2025-09-03,120.08268737792967
2025-09-04,120.2172622680664
2025-09-05,120.18902587890624
2025-09-08,119.84645080566406
2025-09-09,120.123779296875
2025-09-10,120.18106079101562
2025-09-11,120.16954803466795
2025-09-12,120.1107177734375
2025-09-15,120.20972442626952
2025-09-16,120.14918518066406
2025-09-17,120.28450775146484
2025-09-18,120.20948791503906
2025-09-19,120.23802185058594
2025-09-22,120.31668853759766
2025-09-23,120.1776123046875
2025-09-24,120.21505737304688
2025-09-25,120.27629089355467
2025-09-26,120.29620361328124
2025-09-29,119.80862426757812
2025-09-30,120.23047637939452
2025-10-01,120.28473663330078
2025-10-02,120.10517120361328
2025-10-03,120.16780090332033
2025-10-06,120.12265014648438
2025-10-07,120.19248962402344
2025-10-08,120.36092376708984
2025-10-09,120.27050018310548
2025-10-10,120.89115142822266
2025-10-13,119.8415069580078
2025-10-14,120.2762680053711
2025-10-15,120.27458953857422
2025-10-16,120.1580581665039
2025-10-17,120.31779479980467
2025-10-20,120.56965637207033
2025-10-21,120.36437225341795
2025-10-22,120.41983795166016
2025-10-23,120.43804931640624
2025-10-24,120.77143096923828
2025-10-27,120.80121612548828
2025-10-28,120.83847045898438
2025-10-29,120.83889770507812
2025-10-30,120.69483947753906
2025-10-31,120.71411895751952
2025-11-03,120.3069076538086
2025-11-04,120.47146606445312
2025-11-05,120.34486389160156
2025-11-06,120.29447174072266
2025-11-07,120.44585418701172
2025-11-10,120.31965637207033
2025-11-11,120.58949279785156
2025-11-12,120.50118255615234
2025-11-13,120.5564422607422
2025-11-14,120.58609771728516
2025-11-17,120.58836364746094
2025-11-18,120.69834899902344
2025-11-19,120.7162857055664
2025-11-20,120.75334930419922
2025-11-21,121.07023620605467
2025-11-24,120.93790435791016
2025-11-25,120.78780364990234
2025-11-26,120.29977416992188
2025-11-27,120.90837097167967
2025-11-28,120.63102722167967
2025-12-01,120.30004119873048
2025-12-02,120.50823974609376
2025-12-03,120.67985534667967
2025-12-04,120.76399993896484
2025-12-05,120.83611297607422
2025-12-08,120.78208923339844
2025-12-09,120.70645141601562
2025-12-10,120.740478515625
2025-12-11,120.05986785888672
2025-12-12,120.63844299316406
2025-12-15,120.48018646240234
2025-12-16,120.63919067382812
2025-12-17,120.65961456298828
2025-12-18,120.5849609375
2025-12-19,120.8313217163086
2025-12-22,120.77195739746094
2025-12-23,120.63787078857422
2025-12-24,120.62916564941406
2025-12-26,120.62916564941406
2025-12-29,120.69017028808594
2025-12-30,120.83875274658205
2025-12-31,120.810791015625
2026-01-02,120.84761810302734
2026-01-05,120.86255645751952
2026-01-06,120.73533630371094
2026-01-07,120.61155700683594
2026-01-08,120.72344970703125
2026-01-09,120.70486450195312
2026-01-12,120.7493667602539
2026-01-13,120.76567840576172
2026-01-14,120.67576599121094
2026-01-15,120.65664672851562
2026-01-16,120.72996520996094
2026-01-19,120.90818786621094
2026-01-20,120.72211456298828
2026-01-21,120.73745727539062
2026-01-22,120.71546936035156
2026-01-23,120.76242065429688
2026-01-26,119.86304473876953
2026-01-27,122.12999725341797
