DATE,WTICO
2010-01-01,78.588
2010-01-04,80.851
2010-01-05,80.647
2010-01-06,82.423
2010-01-07,81.962
2010-01-08,82.204
2010-01-09,82.293
2010-01-11,81.579
2010-01-12,79.653
2010-01-13,79.307
2010-01-14,78.89
2010-01-15,77.694
2010-01-18,78.325
2010-01-19,78.871
2010-01-20,77.353
2010-01-21,75.645
2010-01-22,73.878
2010-01-23,73.878
2010-01-25,75.045
2010-01-26,74.493
2010-01-27,73.553
2010-01-28,73.699
2010-01-29,72.559
2010-01-30,72.479
2010-02-01,74.784
2010-02-02,76.847
2010-02-03,76.845
2010-02-04,72.858
2010-02-05,71.687
2010-02-06,71.777
2010-02-08,71.547
2010-02-09,73.751
2010-02-10,74.617
2010-02-11,75.253
2010-02-12,74.131
2010-02-15,73.911
2010-02-16,77.257
2010-02-17,77.244
2010-02-18,78.441
2010-02-19,79.825
2010-02-20,79.875
2010-02-22,79.709
2010-02-23,78.708
2010-02-24,79.877
2010-02-25,77.93
2010-02-26,79.209
2010-02-27,79.269
2010-03-01,78.544
2010-03-02,79.445
2010-03-03,80.655
2010-03-04,80.221
2010-03-05,81.502
2010-03-06,81.542
2010-03-08,81.575
2010-03-09,81.191
2010-03-10,81.784
2010-03-11,82.178
2010-03-12,81.065
2010-03-13,80.935
2010-03-15,79.79
2010-03-16,81.852
2010-03-17,82.686
2010-03-18,82.081
2010-03-19,80.683
2010-03-20,80.693
2010-03-22,81.554
2010-03-23,81.393
2010-03-24,80.085
2010-03-25,80.023
2010-03-26,79.971
2010-03-27,79.951
2010-03-29,82.32
2010-03-30,82.428
2010-03-31,83.074
2010-04-01,85.039
2010-04-02,85.089
2010-04-05,86.7
2010-04-06,86.649
2010-04-07,85.629
2010-04-08,85.508
2010-04-09,84.887
2010-04-10,84.867
2010-04-12,84.283
2010-04-13,83.692
2010-04-14,85.919
2010-04-15,85.327
2010-04-16,83.284
2010-04-17,83.225
2010-04-19,82.313
2010-04-20,82.979
2010-04-21,82.471
2010-04-22,82.772
2010-04-23,84.132
2010-04-24,84.132
2010-04-26,83.03
2010-04-27,81.015
2010-04-28,82.555
2010-04-29,84.77
2010-04-30,85.47
2010-05-01,85.5
2010-05-03,85.438
2010-05-04,81.59
2010-05-05,79.081
2010-05-06,76.42
2010-05-07,75.0
2010-05-08,75.0
2010-05-10,76.966
2010-05-11,75.683
2010-05-12,75.227
2010-05-13,73.603
2010-05-14,71.749
2010-05-15,71.869
2010-05-17,70.441
2010-05-18,69.374
2010-05-19,69.77
2010-05-20,66.832
2010-05-21,67.667
2010-05-22,67.6
2010-05-24,67.428
2010-05-25,67.409
2010-05-26,68.375
2010-05-27,72.389
2010-05-28,71.734
2010-05-31,72.341
2010-06-01,70.094
2010-06-02,71.743
2010-06-03,72.822
2010-06-04,69.301
2010-06-05,69.282
2010-06-07,69.815
2010-06-08,71.28
2010-06-09,72.798
2010-06-10,74.329
2010-06-11,73.232
2010-06-12,73.154
2010-06-14,74.021
2010-06-15,76.307
2010-06-16,76.921
2010-06-17,76.136
2010-06-18,77.168
2010-06-19,77.208
2010-06-21,77.048
2010-06-22,76.387
2010-06-23,74.857
2010-06-24,75.487
2010-06-25,78.181
2010-06-26,78.201
2010-06-28,77.231
2010-06-29,74.895
2010-06-30,74.527
2010-07-01,71.999
2010-07-02,71.618
2010-07-05,71.205
2010-07-06,71.574
2010-07-07,74.392
2010-07-08,75.443
2010-07-09,76.018
2010-07-10,76.029
2010-07-12,74.649
2010-07-13,76.849
2010-07-14,76.509
2010-07-15,76.687
2010-07-16,75.617
2010-07-17,75.648
2010-07-19,76.535
2010-07-20,77.6
2010-07-21,76.183
2010-07-22,78.883
2010-07-23,78.782
2010-07-24,78.652
2010-07-26,78.658
2010-07-27,76.95
2010-07-28,76.679
2010-07-29,78.074
2010-07-30,78.761
2010-07-31,78.811
2010-08-02,81.262
2010-08-03,82.249
2010-08-04,82.368
2010-08-05,82.017
2010-08-06,80.788
2010-08-07,80.758
2010-08-09,81.343
2010-08-10,80.153
2010-08-11,77.335
2010-08-12,75.794
2010-08-13,75.533
2010-08-14,75.513
2010-08-16,75.068
2010-08-17,75.436
2010-08-18,75.359
2010-08-19,74.392
2010-08-20,73.693
2010-08-21,73.643
2010-08-23,72.812
2010-08-24,71.256
2010-08-25,72.65
2010-08-26,72.848
2010-08-27,75.319
2010-08-28,75.349
2010-08-30,73.849
2010-08-31,71.494
2010-09-01,73.827
2010-09-02,74.763
2010-09-03,74.183
2010-09-06,73.948
2010-09-07,73.689
2010-09-08,74.806
2010-09-09,73.926
2010-09-10,76.381
2010-09-11,76.292
2010-09-13,77.088
2010-09-14,76.687
2010-09-15,75.677
2010-09-16,74.436
2010-09-17,73.579
2010-09-18,73.629
2010-09-20,75.103
2010-09-21,73.788
2010-09-22,73.833
2010-09-23,73.966
2010-09-24,75.582
2010-09-25,75.562
2010-09-27,75.393
2010-09-28,75.399
2010-09-29,76.989
2010-09-30,79.076
2010-10-01,80.977
2010-10-02,80.997
2010-10-04,80.963
2010-10-05,81.964
2010-10-06,82.828
2010-10-07,80.939
2010-10-08,82.368
2010-10-11,81.551
2010-10-12,81.41
2010-10-13,82.974
2010-10-14,82.554
2010-10-15,81.187
2010-10-16,81.287
2010-10-18,82.808
2010-10-19,79.278
2010-10-20,81.896
2010-10-21,80.09
2010-10-22,81.39
2010-10-23,81.291
2010-10-25,81.817
2010-10-26,81.897
2010-10-27,81.46
2010-10-28,81.46
2010-10-29,80.923
2010-10-30,80.973
2010-11-01,82.524
2010-11-02,84.037
2010-11-03,84.665
2010-11-04,86.348
2010-11-05,86.708
2010-11-06,87.037
2010-11-08,86.444
2010-11-09,86.186
2010-11-10,87.782
2010-11-11,87.504
2010-11-12,84.583
2010-11-13,84.523
2010-11-15,84.385
2010-11-16,82.279
2010-11-17,80.418
2010-11-18,82.301
2010-11-19,81.512
2010-11-20,81.354
2010-11-22,81.132
2010-11-23,80.581
2010-11-24,83.72
2010-11-25,83.754
2010-11-26,83.462
2010-11-29,85.454
2010-11-30,83.35
2010-12-01,86.494
2010-12-02,87.696
2010-12-03,89.108
2010-12-04,89.128
2010-12-06,88.652
2010-12-07,88.05
2010-12-08,88.237
2010-12-09,88.354
2010-12-10,87.533
2010-12-11,87.633
2010-12-13,88.103
2010-12-14,88.17
2010-12-15,88.327
2010-12-16,87.785
2010-12-17,87.862
2010-12-18,87.981
2010-12-20,88.467
2010-12-21,89.294
2010-12-22,89.922
2010-12-23,90.889
2010-12-24,90.74
2010-12-27,90.18
2010-12-28,90.68
2010-12-29,90.476
2010-12-30,88.948
2010-12-31,90.92
2011-01-03,91.082
2011-01-04,88.786
2011-01-05,89.965
2011-01-06,87.796
2011-01-07,88.099
2011-01-08,88.178
2011-01-10,89.145
2011-01-11,91.044
2011-01-12,91.677
2011-01-13,90.703
2011-01-14,91.525
2011-01-17,90.944
2011-01-18,91.273
2011-01-19,90.656
2011-01-20,88.533
2011-01-21,88.312
2011-01-22,88.272
2011-01-24,86.971
2011-01-25,85.508
2011-01-26,86.932
2011-01-27,84.695
2011-01-28,88.8
2011-01-29,88.84
2011-01-31,91.521
2011-02-01,89.858
2011-02-02,90.441
2011-02-03,90.129
2011-02-04,88.554
2011-02-05,88.653
2011-02-07,86.849
2011-02-08,87.093
2011-02-09,86.431
2011-02-10,87.373
2011-02-11,85.116
2011-02-12,85.007
2011-02-14,84.642
2011-02-15,84.198
2011-02-16,84.881
2011-02-17,86.133
2011-02-18,87.117
2011-02-21,92.67
2011-02-22,93.059
2011-02-23,96.364
2011-02-24,94.296
2011-02-25,95.775
2011-02-26,95.825
2011-02-28,94.906
2011-03-01,98.507
2011-03-02,100.369
2011-03-03,99.831
2011-03-04,103.241
2011-03-05,103.055
2011-03-07,103.234
2011-03-08,103.247
2011-03-09,103.093
2011-03-10,101.269
2011-03-11,99.312
2011-03-12,99.501
2011-03-14,100.954
2011-03-15,96.724
2011-03-16,97.745
2011-03-17,101.195
2011-03-18,101.088
2011-03-19,101.434
2011-03-21,101.857
2011-03-22,103.871
2011-03-23,104.648
2011-03-24,104.472
2011-03-25,104.803
2011-03-26,104.655
2011-03-28,103.106
2011-03-29,103.774
2011-03-30,103.718
2011-03-31,106.006
2011-04-01,107.769
2011-04-02,107.66
2011-04-04,107.752
2011-04-05,107.348
2011-04-06,108.129
2011-04-07,109.827
2011-04-08,112.75
2011-04-09,112.621
2011-04-11,108.47
2011-04-12,105.841
2011-04-13,107.072
2011-04-14,108.294
2011-04-15,109.276
2011-04-16,109.217
2011-04-18,107.381
2011-04-19,107.739
2011-04-20,110.861
2011-04-21,111.727
2011-04-22,111.757
2011-04-25,111.699
2011-04-26,111.461
2011-04-27,112.736
2011-04-28,112.338
2011-04-29,113.404
2011-04-30,113.295
2011-05-02,112.569
2011-05-03,110.457
2011-05-04,108.473
2011-05-05,99.338
2011-05-06,97.869
2011-05-07,97.81
2011-05-09,102.783
2011-05-10,103.131
2011-05-11,98.638
2011-05-12,98.676
2011-05-13,99.293
2011-05-14,99.213
2011-05-16,96.819
2011-05-17,97.586
2011-05-18,99.713
2011-05-19,98.566
2011-05-20,99.544
2011-05-21,99.544
2011-05-23,97.126
2011-05-24,99.041
2011-05-25,100.907
2011-05-26,99.931
2011-05-27,100.451
2011-05-28,100.461
2011-05-30,100.125
2011-05-31,102.373
2011-06-01,99.421
2011-06-02,100.64
2011-06-03,100.342
2011-06-04,100.362
2011-06-06,98.6
2011-06-07,99.49
2011-06-08,100.68
2011-06-09,101.73
2011-06-10,98.735
2011-06-11,98.795
2011-06-13,96.901
2011-06-14,99.36
2011-06-15,95.324
2011-06-16,95.095
2011-06-17,92.977
2011-06-18,92.867
2011-06-20,93.556
2011-06-21,93.425
2011-06-22,94.212
2011-06-23,92.005
2011-06-24,91.056
2011-06-25,91.016
2011-06-27,90.632
2011-06-28,92.935
2011-06-29,94.91
2011-06-30,94.958
2011-07-01,94.608
2011-07-02,94.588
2011-07-04,94.862
2011-07-05,96.829
2011-07-06,96.778
2011-07-07,98.664
2011-07-08,96.405
2011-07-09,96.376
2011-07-11,95.113
2011-07-12,96.59
2011-07-13,97.868
2011-07-14,95.818
2011-07-15,97.326
2011-07-16,97.446
2011-07-18,96.143
2011-07-19,98.052
2011-07-20,98.041
2011-07-21,98.878
2011-07-22,99.495
2011-07-23,99.535
2011-07-25,98.833
2011-07-26,98.952
2011-07-27,96.995
2011-07-28,96.994
2011-07-29,95.755
2011-07-30,95.655
2011-08-01,94.892
2011-08-02,93.084
2011-08-03,91.784
2011-08-04,86.222
2011-08-05,86.958
2011-08-06,87.128
2011-08-08,80.629
2011-08-09,81.755
2011-08-10,81.802
2011-08-11,85.466
2011-08-12,85.314
2011-08-13,85.224
2011-08-15,87.695
2011-08-16,87.113
2011-08-17,87.401
2011-08-18,81.601
2011-08-19,82.622
2011-08-20,82.672
2011-08-22,84.403
2011-08-23,85.736
2011-08-24,84.962
2011-08-25,84.817
2011-08-26,85.331
2011-08-27,85.431
2011-08-29,87.422
2011-08-30,88.706
2011-08-31,88.751
2011-09-01,88.616
2011-09-02,86.493
2011-09-03,86.563
2011-09-05,83.529
2011-09-06,86.342
2011-09-07,90.084
2011-09-08,88.65
2011-09-09,86.996
2011-09-10,86.957
2011-09-12,88.85
2011-09-13,89.835
2011-09-14,88.55
2011-09-15,89.125
2011-09-16,87.91
2011-09-17,87.88
2011-09-19,86.135
2011-09-20,86.643
2011-09-21,84.908
2011-09-22,80.41
2011-09-23,80.067
2011-09-24,80.037
2011-09-26,81.44
2011-09-27,83.819
2011-09-28,80.743
2011-09-29,83.192
2011-09-30,78.706
2011-10-01,78.806
2011-10-03,76.396
2011-10-04,78.024
2011-10-05,79.843
2011-10-06,82.571
2011-10-07,82.748
2011-10-08,82.908
2011-10-10,85.891
2011-10-11,85.317
2011-10-12,84.954
2011-10-13,84.511
2011-10-14,87.319
2011-10-15,87.299
2011-10-17,86.289
2011-10-18,88.54
2011-10-19,86.231
2011-10-20,86.421
2011-10-21,87.611
2011-10-22,87.521
2011-10-24,91.791
2011-10-25,92.492
2011-10-26,90.952
2011-10-27,93.892
2011-10-28,93.542
2011-10-29,93.482
2011-10-31,92.523
2011-11-01,91.634
2011-11-02,92.494
2011-11-03,94.154
2011-11-04,94.425
2011-11-05,94.415
2011-11-07,95.815
2011-11-08,96.976
2011-11-09,95.896
2011-11-10,97.726
2011-11-11,99.276
2011-11-12,99.216
2011-11-14,98.167
2011-11-15,99.298
2011-11-16,101.828
2011-11-17,98.759
2011-11-18,97.639
2011-11-19,97.799
2011-11-21,97.058
2011-11-22,97.878
2011-11-23,95.817
2011-11-24,97.037
2011-11-25,97.327
2011-11-28,97.786
2011-11-29,99.456
2011-11-30,100.406
2011-12-01,100.076
2011-12-02,101.115
2011-12-03,101.135
2011-12-05,100.624
2011-12-06,101.194
2011-12-07,100.654
2011-12-08,97.993
2011-12-09,99.803
2011-12-10,99.833
2011-12-12,97.912
2011-12-13,100.292
2011-12-14,94.892
2011-12-15,93.381
2011-12-16,93.871
2011-12-17,93.781
2011-12-19,94.24
2011-12-20,97.6
2011-12-21,98.98
2011-12-22,99.489
2011-12-23,99.849
2011-12-24,99.869
2011-12-27,101.328
2011-12-28,99.467
2011-12-29,99.787
2011-12-30,98.907
2011-12-31,99.067
2012-01-03,102.996
2012-01-04,103.255
2012-01-05,101.325
2012-01-06,101.895
2012-01-07,101.935
2012-01-09,101.314
2012-01-10,102.183
2012-01-11,101.063
2012-01-12,99.263
2012-01-13,99.142
2012-01-14,99.072
2012-01-16,99.691
2012-01-17,100.961
2012-01-18,101.101
2012-01-19,100.537
2012-01-20,98.187
2012-01-21,98.207
2012-01-23,99.692
2012-01-24,98.949
2012-01-25,99.633
2012-01-26,99.719
2012-01-27,99.565
2012-01-28,99.615
2012-01-30,98.773
2012-01-31,98.21
2012-02-01,97.237
2012-02-02,96.393
2012-02-03,97.718
2012-02-04,97.668
2012-02-06,97.025
2012-02-07,98.7
2012-02-08,99.045
2012-02-09,99.7
2012-02-10,98.957
2012-02-11,98.987
2012-02-13,100.653
2012-02-14,100.949
2012-02-15,101.874
2012-02-16,102.33
2012-02-17,103.954
2012-02-18,104.074
2012-02-20,104.97
2012-02-21,105.669
2012-02-22,105.809
2012-02-23,108.333
2012-02-24,109.441
2012-02-25,109.361
2012-02-27,107.576
2012-02-28,106.308
2012-02-29,106.658
2012-03-01,108.604
2012-03-02,106.409
2012-03-03,106.319
2012-03-05,106.948
2012-03-06,104.781
2012-03-07,106.059
2012-03-08,106.709
2012-03-09,107.298
2012-03-10,107.308
2012-03-12,106.429
2012-03-13,106.729
2012-03-14,105.58
2012-03-15,105.35
2012-03-16,107.179
2012-03-17,107.109
2012-03-19,107.775
2012-03-20,105.735
2012-03-21,106.351
2012-03-22,104.987
2012-03-23,106.259
2012-03-24,106.22
2012-03-26,106.645
2012-03-27,106.335
2012-03-28,105.099
2012-03-29,102.946
2012-03-30,102.576
2012-03-31,102.546
2012-04-02,104.774
2012-04-03,103.766
2012-04-04,101.72
2012-04-05,102.825
2012-04-06,102.975
2012-04-09,102.09
2012-04-10,100.721
2012-04-11,102.416
2012-04-12,103.542
2012-04-13,102.732
2012-04-14,102.712
2012-04-16,103.056
2012-04-17,104.224
2012-04-18,102.713
2012-04-19,102.603
2012-04-20,103.652
2012-04-21,103.622
2012-04-23,102.705
2012-04-24,103.385
2012-04-25,103.747
2012-04-26,103.949
2012-04-27,104.441
2012-04-28,104.481
2012-04-30,104.58
2012-05-01,105.72
2012-05-02,105.105
2012-05-03,102.305
2012-05-04,98.287
2012-05-05,98.367
2012-05-07,97.755
2012-05-08,97.258
2012-05-09,96.282
2012-05-10,96.634
2012-05-11,95.508
2012-05-12,95.438
2012-05-14,93.955
2012-05-15,93.068
2012-05-16,92.69
2012-05-17,92.572
2012-05-18,91.264
2012-05-19,91.284
2012-05-21,92.676
2012-05-22,91.234
2012-05-23,90.121
2012-05-24,90.512
2012-05-25,90.434
2012-05-26,90.404
2012-05-28,90.967
2012-05-29,90.632
2012-05-30,87.134
2012-05-31,86.288
2012-06-01,83.068
2012-06-02,83.048
2012-06-04,83.99
2012-06-05,84.031
2012-06-06,85.369
2012-06-07,83.494
2012-06-08,84.324
2012-06-09,84.204
2012-06-11,81.352
2012-06-12,83.32
2012-06-13,82.333
2012-06-14,84.302
2012-06-15,83.984
2012-06-16,84.124
2012-06-18,82.998
2012-06-19,83.928
2012-06-20,80.657
2012-06-21,77.793
2012-06-22,79.757
2012-06-23,79.797
2012-06-25,78.858
2012-06-26,79.169
2012-06-27,80.248
2012-06-28,78.108
2012-06-29,84.748
2012-06-30,84.589
2012-07-02,83.413
2012-07-03,87.445
2012-07-04,86.828
2012-07-05,86.475
2012-07-06,83.864
2012-07-07,83.934
2012-07-09,85.531
2012-07-10,83.907
2012-07-11,86.048
2012-07-12,85.642
2012-07-13,86.984
2012-07-14,86.974
2012-07-16,88.154
2012-07-17,89.068
2012-07-18,89.941
2012-07-19,92.192
2012-07-20,91.237
2012-07-21,91.327
2012-07-23,87.775
2012-07-24,87.896
2012-07-25,88.664
2012-07-26,89.204
2012-07-27,89.853
2012-07-28,89.973
2012-07-30,89.279
2012-07-31,87.865
2012-08-01,88.604
2012-08-02,87.149
2012-08-03,91.141
2012-08-04,91.181
2012-08-06,91.914
2012-08-07,93.363
2012-08-08,93.285
2012-08-09,93.327
2012-08-10,93.219
2012-08-11,93.259
2012-08-13,92.655
2012-08-14,93.217
2012-08-15,94.288
2012-08-16,95.249
2012-08-17,96.131
2012-08-18,96.161
2012-08-20,95.785
2012-08-21,96.525
2012-08-22,97.027
2012-08-23,95.586
2012-08-24,95.739
2012-08-27,95.44
2012-08-28,95.772
2012-08-29,94.938
2012-08-30,94.483
2012-08-31,96.181
2012-09-01,96.291
2012-09-03,96.768
2012-09-04,95.387
2012-09-05,95.669
2012-09-06,94.435
2012-09-07,96.165
2012-09-08,96.116
2012-09-10,96.146
2012-09-11,96.768
2012-09-12,96.762
2012-09-13,97.974
2012-09-14,98.897
2012-09-15,98.977
2012-09-17,96.35
2012-09-18,95.443
2012-09-19,91.782
2012-09-20,92.748
2012-09-21,92.767
2012-09-22,92.668
2012-09-24,91.789
2012-09-25,90.551
2012-09-26,89.882
2012-09-27,92.136
2012-09-28,91.816
2012-09-29,91.876
2012-10-01,92.133
2012-10-02,91.544
2012-10-03,87.81
2012-10-04,91.393
2012-10-05,89.765
2012-10-06,89.765
2012-10-08,89.552
2012-10-09,92.118
2012-10-10,91.219
2012-10-11,92.267
2012-10-12,91.517
2012-10-13,91.547
2012-10-15,91.645
2012-10-16,91.934
2012-10-17,91.963
2012-10-18,92.062
2012-10-19,90.111
2012-10-20,90.201
2012-10-22,88.764
2012-10-23,86.176
2012-10-24,85.351
2012-10-25,85.741
2012-10-26,85.893
2012-10-27,85.943
2012-10-29,84.971
2012-10-30,85.292
2012-10-31,85.802
2012-11-01,86.652
2012-11-02,84.609
2012-11-03,84.579
2012-11-05,85.603
2012-11-06,88.279
2012-11-07,84.408
2012-11-08,84.869
2012-11-09,85.939
2012-11-10,86.039
2012-11-12,85.476
2012-11-13,85.238
2012-11-14,86.328
2012-11-15,85.413
2012-11-16,86.778
2012-11-17,86.658
2012-11-19,88.9
2012-11-20,87.016
2012-11-21,87.375
2012-11-22,86.845
2012-11-23,87.991
2012-11-26,87.553
2012-11-27,87.144
2012-11-28,86.406
2012-11-29,87.523
2012-11-30,88.708
2012-12-03,88.76
2012-12-04,88.231
2012-12-05,87.752
2012-12-06,86.324
2012-12-07,85.884
2012-12-08,85.884
2012-12-10,85.571
2012-12-11,85.603
2012-12-12,86.692
2012-12-13,86.042
2012-12-14,86.816
2012-12-17,87.426
2012-12-18,87.848
2012-12-19,89.165
2012-12-20,89.518
2012-12-21,88.434
2012-12-24,88.137
2012-12-26,90.692
2012-12-27,90.739
2012-12-28,90.338
2012-12-31,91.09
2013-01-02,92.675
2013-01-03,92.585
2013-01-04,92.81
2013-01-05,92.81
2013-01-07,93.05
2013-01-08,92.941
2013-01-09,92.976
2013-01-10,93.71
2013-01-11,93.534
2013-01-12,93.534
2013-01-14,94.096
2013-01-15,93.326
2013-01-16,94.136
2013-01-17,95.166
2013-01-18,95.31
2013-01-19,95.31
2013-01-21,95.464
2013-01-22,96.213
2013-01-23,95.104
2013-01-24,95.557
2013-01-25,95.627
2013-01-28,96.167
2013-01-29,96.97
2013-01-30,97.688
2013-01-31,97.101
2013-02-01,97.281
2013-02-02,97.281
2013-02-04,95.887
2013-02-05,96.451
2013-02-06,96.556
2013-02-07,95.671
2013-02-08,95.594
2013-02-09,95.594
2013-02-11,96.869
2013-02-12,97.369
2013-02-13,97.098
2013-02-14,97.226
2013-02-15,95.879
2013-02-16,95.879
2013-02-18,95.472
2013-02-19,96.57
2013-02-20,94.276
2013-02-21,92.484
2013-02-22,92.875
2013-02-25,91.687
2013-02-26,92.265
2013-02-27,92.477
2013-02-28,91.409
2013-03-01,90.595
2013-03-02,90.595
2013-03-04,89.99
2013-03-05,90.496
2013-03-06,90.166
2013-03-07,91.209
2013-03-08,91.646
2013-03-09,91.646
2013-03-11,91.778
2013-03-12,92.352
2013-03-13,92.229
2013-03-14,92.935
2013-03-15,93.338
2013-03-16,93.338
2013-03-18,93.673
2013-03-19,91.919
2013-03-20,92.899
2013-03-21,91.957
2013-03-22,93.378
2013-03-25,94.201
2013-03-26,95.77
2013-03-27,96.229
2013-03-28,96.723
2013-03-29,96.798
2013-04-01,96.584
2013-04-02,96.538
2013-04-03,94.269
2013-04-04,93.054
2013-04-05,92.729
2013-04-08,93.299
2013-04-09,93.729
2013-04-10,94.379
2013-04-11,93.298
2013-04-12,90.652
2013-04-13,90.652
2013-04-15,87.403
2013-04-16,88.783
2013-04-17,86.327
2013-04-18,88.131
2013-04-19,87.837
2013-04-22,88.941
2013-04-23,89.068
2013-04-24,91.307
2013-04-25,92.971
2013-04-26,92.57
2013-04-29,94.137
2013-04-30,92.676
2013-05-01,90.683
2013-05-02,93.747
2013-05-03,95.159
2013-05-06,95.59
2013-05-07,95.297
2013-05-08,96.408
2013-05-09,95.876
2013-05-10,95.673
2013-05-13,94.805
2013-05-14,94.049
2013-05-15,94.254
2013-05-16,95.056
2013-05-17,95.804
2013-05-20,96.574
2013-05-21,95.628
2013-05-22,93.79
2013-05-23,94.04
2013-05-24,93.547
2013-05-27,93.398
2013-05-28,94.867
2013-05-29,92.67
2013-05-30,93.355
2013-05-31,91.471
2013-06-03,93.103
2013-06-04,93.679
2013-06-05,93.582
2013-06-06,94.606
2013-06-07,96.054
2013-06-10,95.626
2013-06-11,94.782
2013-06-12,95.687
2013-06-13,96.622
2013-06-14,97.777
2013-06-17,97.867
2013-06-18,98.544
2013-06-19,97.844
2013-06-20,94.702
2013-06-21,93.633
2013-06-24,94.655
2013-06-25,95.002
2013-06-26,95.23
2013-06-27,96.645
2013-06-28,96.254
2013-07-01,97.901
2013-07-02,99.417
2013-07-03,101.043
2013-07-04,100.971
2013-07-05,103.307
2013-07-08,102.82
2013-07-09,104.025
2013-07-10,105.325
2013-07-11,104.12
2013-07-12,105.68
2013-07-15,105.97
2013-07-16,105.51
2013-07-17,106.335
2013-07-18,107.935
2013-07-19,108.21
2013-07-22,106.995
2013-07-23,107.37
2013-07-24,105.305
2013-07-25,105.59
2013-07-26,104.62
2013-07-29,104.583
2013-07-30,103.196
2013-07-31,105.171
2013-08-01,107.503
2013-08-02,106.77
2013-08-05,106.433
2013-08-06,105.721
2013-08-07,104.33
2013-08-08,103.689
2013-08-09,105.878
2013-08-12,106.155
2013-08-13,106.659
2013-08-14,107.165
2013-08-15,107.511
2013-08-16,108.015
2013-08-19,107.212
2013-08-20,105.572
2013-08-21,104.249
2013-08-22,105.546
2013-08-23,106.737
2013-08-26,106.582
2013-08-27,109.286
2013-08-28,109.864
2013-08-29,108.472
2013-08-30,107.952
2013-09-02,107.087
2013-09-03,108.75
2013-09-04,107.584
2013-09-05,108.628
2013-09-06,110.438
2013-09-09,109.062
2013-09-10,107.485
2013-09-11,107.913
2013-09-12,108.998
2013-09-13,108.885
2013-09-16,106.652
2013-09-17,105.627
2013-09-18,108.304
2013-09-19,106.544
2013-09-20,105.681
2013-09-23,104.199
2013-09-24,104.013
2013-09-25,103.036
2013-09-26,103.549
2013-09-27,103.469
2013-09-28,103.463
2013-09-30,102.785
2013-10-01,102.167
2013-10-02,104.373
2013-10-03,103.458
2013-10-04,104.101
2013-10-07,103.518
2013-10-08,103.939
2013-10-09,101.714
2013-10-10,103.249
2013-10-11,102.298
2013-10-14,102.754
2013-10-15,101.537
2013-10-16,102.831
2013-10-17,101.323
2013-10-18,101.547
2013-10-21,99.87
2013-10-22,98.484
2013-10-23,97.449
2013-10-24,97.488
2013-10-25,98.174
2013-10-28,98.816
2013-10-29,98.088
2013-10-30,96.903
2013-10-31,96.486
2013-11-01,94.831
2013-11-04,94.696
2013-11-05,93.792
2013-11-06,95.028
2013-11-07,94.472
2013-11-08,94.566
2013-11-11,95.211
2013-11-12,93.477
2013-11-13,93.999
2013-11-14,94.507
2013-11-15,94.261
2013-11-18,93.518
2013-11-19,93.771
2013-11-20,93.605
2013-11-21,95.146
2013-11-22,94.725
2013-11-25,94.087
2013-11-26,93.466
2013-11-27,92.315
2013-11-28,92.158
2013-11-29,92.706
2013-12-02,93.827
2013-12-03,96.645
2013-12-04,97.22
2013-12-05,97.262
2013-12-06,97.702
2013-12-09,97.034
2013-12-10,98.397
2013-12-11,97.416
2013-12-12,97.368
2013-12-13,96.497
2013-12-16,97.265
2013-12-17,97.307
2013-12-18,97.672
2013-12-19,98.497
2013-12-20,98.933
2013-12-23,98.514
2013-12-24,99.024
2013-12-26,99.503
2013-12-27,99.954
2013-12-30,99.121
2013-12-31,98.482
2014-01-02,95.366
2014-01-03,94.099
2014-01-06,93.564
2014-01-07,93.84
2014-01-08,92.454
2014-01-09,92.305
2014-01-10,92.8
2014-01-13,91.581
2014-01-14,92.569
2014-01-15,94.296
2014-01-16,93.983
2014-01-17,94.104
2014-01-20,93.817
2014-01-21,95.066
2014-01-22,96.525
2014-01-23,97.2
2014-01-24,96.717
2014-01-27,95.552
2014-01-28,97.071
2014-01-29,97.32
2014-01-30,97.945
2014-01-31,97.342
2014-02-03,96.522
2014-02-04,97.496
2014-02-05,97.3
2014-02-06,98.092
2014-02-07,100.114
2014-02-10,99.888
2014-02-11,100.45
2014-02-12,100.404
2014-02-13,100.592
2014-02-14,100.658
2014-02-17,101.084
2014-02-18,103.07
2014-02-19,103.326
2014-02-20,103.304
2014-02-21,102.77
2014-02-24,103.202
2014-02-25,102.41
2014-02-26,102.892
2014-02-27,102.396
2014-02-28,102.972
2014-03-03,105.086
2014-03-04,103.618
2014-03-05,101.248
2014-03-06,102.214
2014-03-07,102.896
2014-03-10,101.214
2014-03-11,99.688
2014-03-12,98.496
2014-03-13,98.64
2014-03-14,99.272
2014-03-17,98.114
2014-03-18,99.246
2014-03-19,99.732
2014-03-20,99.158
2014-03-21,100.074
2014-03-24,99.924
2014-03-25,99.714
2014-03-26,100.724
2014-03-27,101.859
2014-03-28,102.052
2014-03-31,101.868
2014-04-01,100.031
2014-04-02,99.702
2014-04-03,100.806
2014-04-04,101.435
2014-04-07,101.041
2014-04-08,102.532
2014-04-09,103.302
2014-04-10,103.224
2014-04-11,103.162
2014-04-14,103.626
2014-04-15,103.76
2014-04-16,103.786
2014-04-17,104.433
2014-04-18,104.408
2014-04-21,104.257
2014-04-22,102.446
2014-04-23,102.14
2014-04-24,102.462
2014-04-25,101.191
2014-04-28,101.374
2014-04-29,101.231
2014-04-30,100.087
2014-05-01,99.707
2014-05-02,100.305
2014-05-05,99.708
2014-05-06,100.171
2014-05-07,101.091
2014-05-08,100.556
2014-05-09,100.301
2014-05-12,100.812
2014-05-13,102.192
2014-05-14,102.268
2014-05-15,101.93
2014-05-16,102.46
2014-05-19,102.869
2014-05-20,103.612
2014-05-21,104.548
2014-05-22,104.473
2014-05-23,105.021
2014-05-26,104.77
2014-05-27,104.728
2014-05-28,103.53
2014-05-29,104.062
2014-05-30,103.339
2014-06-02,102.878
2014-06-03,103.229
2014-06-04,102.793
2014-06-05,102.814
2014-06-06,103.024
2014-06-09,104.634
2014-06-10,104.279
2014-06-11,104.611
2014-06-12,106.963
2014-06-13,106.88
2014-06-16,106.967
2014-06-17,106.899
2014-06-18,106.561
2014-06-19,106.864
2014-06-20,107.392
2014-06-23,106.685
2014-06-24,106.444
2014-06-25,107.407
2014-06-26,106.198
2014-06-27,106.304
2014-06-30,105.933
2014-07-01,105.805
2014-07-02,104.676
2014-07-03,104.43
2014-07-04,104.163
2014-07-07,103.803
2014-07-08,103.723
2014-07-09,102.305
2014-07-10,103.156
2014-07-11,100.899
2014-07-14,101.333
2014-07-15,100.339
2014-07-16,101.498
2014-07-17,103.387
2014-07-18,102.368
2014-07-21,103.397
2014-07-22,102.687
2014-07-23,103.64
2014-07-24,102.479
2014-07-25,102.44
2014-07-28,102.067
2014-07-29,101.434
2014-07-30,99.91
2014-07-31,98.006
2014-08-01,97.95
2014-08-04,98.705
2014-08-05,97.887
2014-08-06,97.115
2014-08-07,97.776
2014-08-08,97.742
2014-08-11,98.041
2014-08-12,97.323
2014-08-13,97.475
2014-08-14,95.017
2014-08-15,96.035
2014-08-18,94.786
2014-08-19,93.684
2014-08-20,94.322
2014-08-21,94.691
2014-08-22,94.14
2014-08-25,94.092
2014-08-26,94.512
2014-08-27,94.388
2014-08-28,95.202
2014-08-29,96.43
2014-09-01,96.298
2014-09-02,93.75
2014-09-03,95.572
2014-09-04,94.988
2014-09-05,93.844
2014-09-08,93.46
2014-09-09,93.082
2014-09-10,91.974
2014-09-11,93.436
2014-09-12,92.488
2014-09-15,92.996
2014-09-16,94.804
2014-09-17,93.952
2014-09-18,92.946
2014-09-19,92.693
2014-09-22,91.608
2014-09-23,92.602
2014-09-24,93.734
2014-09-25,93.272
2014-09-26,94.168
2014-09-29,95.126
2014-09-30,92.078
2014-10-01,91.358
2014-10-02,91.988
2014-10-03,90.249
2014-10-06,90.917
2014-10-07,88.93
2014-10-08,88.1
2014-10-09,84.81
2014-10-10,85.83
2014-10-13,85.122
2014-10-14,82.498
2014-10-15,81.072
2014-10-16,83.16
2014-10-17,83.124
2014-10-20,82.696
2014-10-21,83.352
2014-10-22,81.103
2014-10-23,82.664
2014-10-24,81.956
2014-10-27,81.246
2014-10-28,82.113
2014-10-29,82.511
2014-10-30,81.468
2014-10-31,81.122
2014-11-03,78.661
2014-11-04,77.823
2014-11-05,79.267
2014-11-06,78.199
2014-11-07,78.894
2014-11-10,77.44
2014-11-11,77.698
2014-11-12,77.188
2014-11-13,74.472
2014-11-14,76.194
2014-11-17,75.742
2014-11-18,74.484
2014-11-19,74.602
2014-11-20,76.484
2014-11-21,76.888
2014-11-24,75.892
2014-11-25,74.056
2014-11-26,73.692
2014-11-27,69.185
2014-11-28,66.244
2014-12-01,69.36
2014-12-02,67.708
2014-12-03,67.406
2014-12-04,66.898
2014-12-05,65.724
2014-12-08,63.102
2014-12-09,63.51
2014-12-10,61.194
2014-12-11,59.284
2014-12-12,57.538
2014-12-15,55.462
2014-12-16,55.586
2014-12-17,56.034
2014-12-18,55.085
2014-12-19,57.673
2014-12-22,55.167
2014-12-23,56.489
2014-12-24,55.718
2014-12-26,54.969
2014-12-29,53.631
2014-12-30,53.734
2014-12-31,52.777
2015-01-02,52.548
2015-01-05,49.824
2015-01-06,47.961
2015-01-07,48.754
2015-01-08,48.92
2015-01-09,48.145
2015-01-12,45.667
2015-01-13,46.153
2015-01-14,48.241
2015-01-15,46.072
2015-01-16,48.25
2015-01-19,47.31
2015-01-20,46.081
2015-01-21,46.843
2015-01-22,45.952
2015-01-23,44.806
2015-01-26,44.618
2015-01-27,45.354
2015-01-28,43.982
2015-01-29,44.062
2015-01-30,47.352
2015-02-02,49.642
2015-02-03,51.28
2015-02-04,48.24
2015-02-05,50.372
2015-02-06,51.876
2015-02-09,52.374
2015-02-10,50.722
2015-02-11,49.304
2015-02-12,51.074
2015-02-13,52.5
2015-02-16,52.62
2015-02-17,53.082
2015-02-18,50.366
2015-02-19,51.248
2015-02-20,50.002
2015-02-23,48.76
2015-02-24,48.426
2015-02-25,50.386
2015-02-26,48.4
2015-02-27,48.848
2015-03-02,49.348
2015-03-03,50.088
2015-03-04,51.222
2015-03-05,50.551
2015-03-06,49.473
2015-03-09,49.82
2015-03-10,48.661
2015-03-11,48.478
2015-03-12,47.353
2015-03-13,45.648
2015-03-16,44.656
2015-03-17,43.267
2015-03-18,45.352
2015-03-19,44.262
2015-03-20,45.146
2015-03-23,46.14
2015-03-24,46.45
2015-03-25,47.832
2015-03-26,50.05
2015-03-27,47.39
2015-03-30,47.806
2015-03-31,46.746
2015-04-01,48.714
2015-04-02,48.588
2015-04-03,48.672
2015-04-06,51.234
2015-04-07,52.304
2015-04-08,50.402
2015-04-09,50.198
2015-04-10,51.136
2015-04-13,51.641
2015-04-14,52.89
2015-04-15,55.031
2015-04-16,55.757
2015-04-17,55.478
2015-04-20,55.951
2015-04-21,54.471
2015-04-22,54.454
2015-04-23,55.778
2015-04-24,55.636
2015-04-27,55.152
2015-04-28,55.582
2015-04-29,57.172
2015-04-30,58.468
2015-05-01,57.918
2015-05-04,57.958
2015-05-05,59.71
2015-05-06,59.712
2015-05-07,58.154
2015-05-08,58.604
2015-05-11,58.714
2015-05-12,60.666
2015-05-13,59.616
2015-05-14,59.276
2015-05-15,59.388
2015-05-18,59.166
2015-05-19,57.052
2015-05-20,57.598
2015-05-21,59.496
2015-05-22,58.756
2015-05-25,58.784
2015-05-26,57.416
2015-05-27,56.678
2015-05-28,57.112
2015-05-29,59.432
2015-06-01,59.502
2015-06-02,60.288
2015-06-03,58.89
2015-06-04,57.346
2015-06-05,58.346
2015-06-08,57.814
2015-06-09,60.066
2015-06-10,60.684
2015-06-11,60.16
2015-06-12,59.668
2015-06-15,59.354
2015-06-16,59.838
2015-06-17,59.532
2015-06-18,60.2
2015-06-19,59.122
2015-06-22,59.644
2015-06-23,60.506
2015-06-24,59.694
2015-06-25,59.134
2015-06-26,59.13
2015-06-29,57.78
2015-06-30,58.584
2015-07-01,56.46
2015-07-02,56.178
2015-07-03,55.158
2015-07-06,52.426
2015-07-07,52.684
2015-07-08,51.592
2015-07-09,52.43
2015-07-10,52.642
2015-07-13,51.918
2015-07-14,53.176
2015-07-15,51.424
2015-07-16,50.772
2015-07-17,50.624
2015-07-20,49.776
2015-07-21,50.222
2015-07-22,48.798
2015-07-23,48.456
2015-07-24,47.696
2015-07-27,46.651
2015-07-28,47.444
2015-07-29,48.566
2015-07-30,48.153
2015-07-31,46.526
2015-08-03,45.114
2015-08-04,45.75
2015-08-05,44.942
2015-08-06,44.646
2015-08-07,43.618
2015-08-10,44.664
2015-08-11,43.021
2015-08-12,43.313
2015-08-13,42.215
2015-08-14,41.984
2015-08-17,41.732
2015-08-18,42.124
2015-08-19,40.268
2015-08-20,40.33
2015-08-21,39.644
2015-08-24,37.593
2015-08-25,38.976
2015-08-26,38.45
2015-08-27,42.131
2015-08-28,44.734
2015-08-31,47.576
2015-09-01,43.85
2015-09-02,45.568
2015-09-03,46.234
2015-09-04,45.302
2015-09-07,43.956
2015-09-08,45.442
2015-09-09,43.855
2015-09-10,45.401
2015-09-11,44.546
2015-09-14,43.884
2015-09-15,44.809
2015-09-16,46.954
2015-09-17,46.506
2015-09-18,44.658
2015-09-21,46.152
2015-09-22,45.994
2015-09-23,44.104
2015-09-24,44.586
2015-09-25,44.89
2015-09-28,44.066
2015-09-29,44.448
2015-09-30,44.962
2015-10-01,44.702
2015-10-02,45.302
2015-10-05,45.958
2015-10-06,48.748
2015-10-07,47.884
2015-10-08,49.476
2015-10-09,49.283
2015-10-12,47.265
2015-10-13,46.467
2015-10-14,46.128
2015-10-15,46.78
2015-10-16,47.1
2015-10-19,46.024
2015-10-20,45.378
2015-10-21,44.744
2015-10-22,44.94
2015-10-23,44.288
2015-10-26,43.328
2015-10-27,43.032
2015-10-28,45.79
2015-10-29,45.39
2015-10-30,46.038
2015-11-02,45.782
2015-11-03,47.36
2015-11-04,46.29
2015-11-05,45.122
2015-11-06,44.321
2015-11-09,43.904
2015-11-10,43.508
2015-11-11,42.837
2015-11-12,41.606
2015-11-13,40.741
2015-11-16,41.906
2015-11-17,41.004
2015-11-18,40.896
2015-11-19,40.812
2015-11-20,40.444
2015-11-23,41.06
2015-11-24,41.724
2015-11-25,42.324
2015-11-26,41.626
2015-11-27,40.958
2015-11-30,40.976
2015-12-01,40.954
2015-12-02,39.508
2015-12-03,40.686
2015-12-04,39.574
2015-12-07,37.206
2015-12-08,37.438
2015-12-09,36.82
2015-12-10,36.214
2015-12-11,35.038
2015-12-14,35.903
2015-12-15,36.392
2015-12-16,35.446
2015-12-17,34.67
2015-12-18,34.457
2015-12-21,34.49
2015-12-22,35.179
2015-12-23,36.613
2015-12-24,36.88
2015-12-28,35.634
2015-12-29,36.392
2015-12-30,35.882
2015-12-31,36.64
2016-01-01,36.228
2016-01-04,36.186
2016-01-05,35.508
2016-01-06,33.486
2016-01-07,32.748
2016-01-08,32.402
2016-01-11,30.788
2016-01-12,30.266
2016-01-13,30.306
2016-01-14,30.948
2016-01-15,29.484
2016-01-18,28.892
2016-01-19,28.426
2016-01-20,27.369
2016-01-21,28.843
2016-01-22,31.206
2016-01-25,28.964
2016-01-26,29.626
2016-01-27,31.287
2016-01-28,32.835
2016-01-29,32.904
2016-02-01,30.644
2016-02-02,29.082
2016-02-03,32.09
2016-02-04,31.104
2016-02-05,30.448
2016-02-08,29.686
2016-02-09,27.918
2016-02-10,26.988
2016-02-11,26.894
2016-02-12,28.758
2016-02-15,29.548
2016-02-16,28.938
2016-02-17,31.29
2016-02-18,30.516
2016-02-19,29.889
2016-02-22,31.355
2016-02-23,29.584
2016-02-24,30.412
2016-02-25,31.281
2016-02-26,31.172
2016-02-29,32.358
2016-03-01,32.394
2016-03-02,33.287
2016-03-03,33.324
2016-03-04,34.936
2016-03-07,36.776
2016-03-08,35.253
2016-03-09,37.172
2016-03-10,37.05
2016-03-11,37.594
2016-03-14,36.784
2016-03-15,36.206
2016-03-16,38.072
2016-03-17,39.898
2016-03-18,38.986
2016-03-21,39.788
2016-03-22,39.454
2016-03-23,38.131
2016-03-24,37.997
2016-03-28,37.952
2016-03-29,37.254
2016-03-30,37.106
2016-03-31,37.004
2016-04-01,35.631
2016-04-04,34.634
2016-04-05,35.7
2016-04-06,36.974
2016-04-07,36.794
2016-04-08,38.918
2016-04-11,39.81
2016-04-12,41.174
2016-04-13,41.124
2016-04-14,41.08
2016-04-15,40.12
2016-04-18,39.902
2016-04-19,40.901
2016-04-20,42.402
2016-04-21,41.95
2016-04-22,42.295
2016-04-25,41.704
2016-04-26,43.376
2016-04-27,44.07
2016-04-28,44.698
2016-04-29,44.888
2016-05-02,43.938
2016-05-03,43.014
2016-05-04,43.252
2016-05-05,43.692
2016-05-06,43.862
2016-05-09,42.692
2016-05-10,43.998
2016-05-11,45.518
2016-05-12,45.994
2016-05-13,46.004
2016-05-16,47.716
2016-05-17,48.422
2016-05-18,47.686
2016-05-19,48.038
2016-05-20,47.754
2016-05-23,47.478
2016-05-24,48.498
2016-05-25,49.112
2016-05-26,48.806
2016-05-27,49.028
2016-05-30,49.122
2016-05-31,48.398
2016-06-01,48.506
2016-06-02,48.622
2016-06-03,48.456
2016-06-06,49.392
2016-06-07,50.112
2016-06-08,51.214
2016-06-09,50.144
2016-06-10,48.658
2016-06-13,48.384
2016-06-14,47.778
2016-06-15,47.362
2016-06-16,45.91
2016-06-17,48.154
2016-06-20,49.16
2016-06-21,49.554
2016-06-22,48.398
2016-06-23,49.588
2016-06-24,47.026
2016-06-27,46.138
2016-06-28,47.634
2016-06-29,49.072
2016-06-30,47.938
2016-07-01,48.856
2016-07-04,48.41
2016-07-05,46.548
2016-07-06,47.612
2016-07-07,44.948
2016-07-08,44.918
2016-07-11,44.37
2016-07-12,46.462
2016-07-13,44.972
2016-07-14,45.376
2016-07-15,46.108
2016-07-18,45.166
2016-07-19,44.696
2016-07-20,44.976
2016-07-21,43.858
2016-07-22,43.586
2016-07-25,42.472
2016-07-26,42.132
2016-07-27,41.376
2016-07-28,40.616
2016-07-29,40.966
2016-08-01,39.664
2016-08-02,39.322
2016-08-03,40.782
2016-08-04,41.466
2016-08-05,41.644
2016-08-08,42.548
2016-08-09,42.49
2016-08-10,41.276
2016-08-11,43.206
2016-08-12,44.502
2016-08-15,45.52
2016-08-16,46.252
2016-08-17,46.8
2016-08-18,48.216
2016-08-19,48.298
2016-08-22,46.712
2016-08-23,46.972
2016-08-24,46.174
2016-08-25,46.77
2016-08-26,46.748
2016-08-29,46.46
2016-08-30,45.82
2016-08-31,44.396
2016-09-01,43.12
2016-09-02,43.83
2016-09-05,44.85
2016-09-06,44.58
2016-09-07,45.854
2016-09-08,47.03
2016-09-09,45.472
2016-09-12,45.876
2016-09-13,44.802
2016-09-14,43.548
2016-09-15,43.6
2016-09-16,43.102
2016-09-19,43.108
2016-09-20,43.816
2016-09-21,45.022
2016-09-22,45.502
2016-09-23,44.072
2016-09-26,45.104
2016-09-27,44.446
2016-09-28,46.654
2016-09-29,47.286
2016-09-30,47.6
2016-10-03,48.292
2016-10-04,48.84
2016-10-05,49.35
2016-10-06,50.266
2016-10-07,49.26
2016-10-10,50.948
2016-10-11,50.652
2016-10-12,49.858
2016-10-13,50.38
2016-10-14,50.174
2016-10-17,49.964
2016-10-18,50.578
2016-10-19,51.208
2016-10-20,50.154
2016-10-21,50.536
2016-10-24,50.076
2016-10-25,48.934
2016-10-26,48.874
2016-10-27,49.268
2016-10-28,48.33
2016-10-31,46.47
2016-11-01,46.116
2016-11-02,45.234
2016-11-03,44.406
2016-11-04,43.89
2016-11-07,44.768
2016-11-08,44.646
2016-11-09,45.188
2016-11-10,44.134
2016-11-11,42.994
2016-11-14,43.628
2016-11-15,45.686
2016-11-16,45.244
2016-11-17,44.882
2016-11-18,45.66
2016-11-21,47.728
2016-11-22,47.348
2016-11-23,47.408
2016-11-24,47.464
2016-11-25,45.494
2016-11-28,46.444
2016-11-29,44.858
2016-11-30,48.581
2016-12-01,50.5
2016-12-02,51.268
2016-12-05,50.676
2016-12-06,50.618
2016-12-07,49.556
2016-12-08,50.714
2016-12-09,51.25
2016-12-12,52.21
2016-12-13,52.318
2016-12-14,50.644
2016-12-15,50.886
2016-12-16,51.868
2016-12-19,51.995
2016-12-20,52.422
2016-12-21,51.5
2016-12-22,51.668
2016-12-23,52.261
2016-12-27,53.02
2016-12-28,52.814
2016-12-29,53.06
2016-12-30,53.15
2017-01-03,51.89
2017-01-04,52.802
2017-01-05,53.238
2017-01-06,53.204
2017-01-09,51.398
2017-01-10,50.43
2017-01-11,52.054
2017-01-12,52.76
2017-01-13,52.302
2017-01-16,52.5
2017-01-17,52.432
2017-01-18,51.346
2017-01-19,51.332
2017-01-20,52.362
2017-01-23,52.098
2017-01-24,52.212
2017-01-25,52.282
2017-01-26,53.058
2017-01-27,52.53
2017-01-30,52.028
2017-01-31,52.248
2017-02-01,53.03
2017-02-02,53.176
2017-02-03,53.39
2017-02-06,52.704
2017-02-07,51.338
2017-02-08,52.064
2017-02-09,52.824
2017-02-10,53.54
2017-02-13,52.66
2017-02-14,52.844
2017-02-15,52.838
2017-02-16,53.238
2017-02-17,53.148
2017-02-20,53.452
2017-02-21,53.72
2017-02-22,53.402
2017-02-23,53.878
2017-02-24,53.548
2017-02-27,53.632
2017-02-28,53.6
2017-03-01,53.3
2017-03-02,52.236
2017-03-03,52.904
2017-03-06,52.914
2017-03-07,52.534
2017-03-08,49.974
2017-03-09,49.404
2017-03-10,48.214
2017-03-13,48.322
2017-03-14,48.39
2017-03-15,48.82
2017-03-16,48.592
2017-03-17,48.606
2017-03-20,48.312
2017-03-21,47.564
2017-03-22,47.6
2017-03-23,47.144
2017-03-24,47.614
2017-03-27,47.384
2017-03-28,47.998
2017-03-29,49.176
2017-03-30,49.922
2017-03-31,50.396
2017-04-03,49.918
2017-04-04,50.764
2017-04-05,50.516
2017-04-06,51.436
2017-04-07,52.018
2017-04-10,52.926
2017-04-11,53.216
2017-04-12,52.638
2017-04-13,52.758
2017-04-17,52.672
2017-04-18,52.284
2017-04-19,50.536
2017-04-20,50.262
2017-04-21,49.176
2017-04-24,48.814
2017-04-25,49.0
2017-04-26,48.904
2017-04-27,48.878
2017-04-28,48.9
2017-05-01,48.452
2017-05-02,47.778
2017-05-03,47.326
2017-05-04,45.256
2017-05-05,46.284
2017-05-08,46.298
2017-05-09,45.99
2017-05-10,47.2
2017-05-11,47.676
2017-05-12,47.71
2017-05-15,48.712
2017-05-16,48.16
2017-05-17,48.878
2017-05-18,49.238
2017-05-19,50.43
2017-05-22,50.652
2017-05-23,51.12
2017-05-24,50.944
2017-05-25,48.36
2017-05-26,49.548
2017-05-29,49.722
2017-05-30,49.388
2017-05-31,48.406
2017-06-01,47.81
2017-06-02,47.514
2017-06-05,47.22
2017-06-06,47.79
2017-06-07,45.648
2017-06-08,45.55
2017-06-09,45.788
2017-06-12,45.91
2017-06-13,45.866
2017-06-14,44.608
2017-06-15,44.212
2017-06-16,44.644
2017-06-19,44.072
2017-06-20,43.12
2017-06-21,42.286
2017-06-22,42.568
2017-06-23,42.928
2017-06-26,43.29
2017-06-27,43.556
2017-06-28,44.71
2017-06-29,44.668
2017-06-30,46.16
2017-07-03,46.908
2017-07-04,46.93
2017-07-05,45.5
2017-07-06,45.212
2017-07-07,44.252
2017-07-10,44.476
2017-07-11,45.706
2017-07-12,45.37
2017-07-13,46.058
2017-07-14,46.658
2017-07-17,45.996
2017-07-18,46.226
2017-07-19,47.088
2017-07-20,46.724
2017-07-21,45.426
2017-07-24,46.32
2017-07-25,48.428
2017-07-26,48.568
2017-07-27,48.978
2017-07-28,49.647
2017-07-31,50.059
2017-08-01,48.649
2017-08-02,49.483
2017-08-03,48.811
2017-08-04,49.42
2017-08-07,49.249
2017-08-08,48.901
2017-08-09,49.625
2017-08-10,48.403
2017-08-11,48.696
2017-08-14,47.452
2017-08-15,47.622
2017-08-16,46.759
2017-08-17,46.916
2017-08-18,48.684
2017-08-21,47.4
2017-08-22,47.46
2017-08-23,48.233
2017-08-24,47.451
2017-08-25,47.72
2017-08-28,46.689
2017-08-29,46.231
2017-08-30,45.857
2017-08-31,46.984
2017-09-01,47.224
2017-09-04,47.329
2017-09-05,48.553
2017-09-06,49.078
2017-09-07,49.063
2017-09-08,47.491
2017-09-11,48.036
2017-09-12,48.302
2017-09-13,49.286
2017-09-14,49.661
2017-09-15,49.797
2017-09-18,49.852
2017-09-19,49.778
2017-09-20,50.234
2017-09-21,50.28
2017-09-22,50.206
2017-09-25,51.712
2017-09-26,51.705
2017-09-27,51.664
2017-09-28,51.253
2017-09-29,51.296
2017-10-02,50.283
2017-10-03,49.901
2017-10-04,49.647
2017-10-05,50.524
2017-10-06,49.001
2017-10-07,49.001
2017-10-09,49.406
2017-10-10,50.787
2017-10-11,50.882
2017-10-12,50.599
2017-10-13,51.273
2017-10-16,51.841
2017-10-17,51.841
2017-10-18,51.93
2017-10-19,51.264
2017-10-20,51.741
2017-10-21,51.741
2017-10-23,51.571
2017-10-24,52.257
2017-10-25,51.909
2017-10-26,52.576
2017-10-27,53.919
2017-10-30,53.89
2017-10-31,54.418
2017-11-01,54.08
2017-11-02,54.538
2017-11-03,55.535
2017-11-06,57.093
2017-11-07,56.784
2017-11-08,56.705
2017-11-09,56.886
2017-11-10,56.767
2017-11-13,56.649
2017-11-14,54.912
2017-11-15,55.251
2017-11-16,55.218
2017-11-17,56.554
2017-11-20,56.162
2017-11-21,56.882
2017-11-22,57.851
2017-11-23,58.335
2017-11-24,58.766
2017-11-27,57.648
2017-11-28,57.575
2017-11-29,57.233
2017-11-30,57.28
2017-12-01,58.156
2017-12-04,57.329
2017-12-05,57.376
2017-12-06,55.876
2017-12-07,56.542
2017-12-08,57.251
2017-12-11,57.939
2017-12-12,57.397
2017-12-13,56.606
2017-12-14,57.142
2017-12-15,57.303
2017-12-18,57.279
2017-12-19,57.626
2017-12-20,57.992
2017-12-21,58.194
2017-12-22,58.336
2017-12-26,59.762
2017-12-27,59.539
2017-12-28,59.846
2017-12-29,60.068
2018-01-02,60.305
2018-01-03,61.861
2018-01-04,61.888
2018-01-05,61.531
2018-01-08,61.887
2018-01-09,63.428
2018-01-10,63.46
2018-01-11,63.522
2018-01-12,64.384
2018-01-15,64.819
2018-01-16,63.886
2018-01-17,64.085
2018-01-18,63.748
2018-01-19,63.536
2018-01-22,63.968
2018-01-23,64.514
2018-01-24,65.934
2018-01-25,65.281
2018-01-26,66.283
2018-01-29,65.562
2018-01-30,64.024
2018-01-31,64.813
2018-02-01,66.007
2018-02-02,65.105
2018-02-05,63.478
2018-02-06,63.912
2018-02-07,61.78
2018-02-08,60.447
2018-02-09,59.085
2018-02-12,59.378
2018-02-13,58.994
2018-02-14,60.757
2018-02-15,61.436
2018-02-16,61.646
2018-02-19,62.517
2018-02-20,61.676
2018-02-21,61.419
2018-02-22,62.735
2018-02-23,63.672
2018-02-26,64.074
2018-02-27,62.901
2018-02-28,61.612
2018-03-01,61.423
2018-03-02,61.537
2018-03-05,62.671
2018-03-06,62.412
2018-03-07,61.395
2018-03-08,60.348
2018-03-09,62.191
2018-03-12,61.419
2018-03-13,60.917
2018-03-14,60.968
2018-03-15,61.202
2018-03-16,62.263
2018-03-19,62.149
2018-03-20,63.667
2018-03-21,65.41
2018-03-22,64.116
2018-03-23,65.764
2018-03-26,65.425
2018-03-27,64.623
2018-03-28,64.595
2018-03-29,64.858
2018-04-02,62.802
2018-04-03,63.509
2018-04-04,63.526
2018-04-05,63.698
2018-04-06,61.884
2018-04-09,63.261
2018-04-10,65.542
2018-04-11,66.72
2018-04-12,67.122
2018-04-13,67.302
2018-04-16,66.352
2018-04-17,66.686
2018-04-18,68.801
2018-04-19,68.173
2018-04-20,68.124
2018-04-23,68.922
2018-04-24,67.758
2018-04-25,68.03
2018-04-26,68.194
2018-04-27,68.008
2018-04-30,68.594
2018-05-01,67.512
2018-05-02,67.704
2018-05-03,68.503
2018-05-04,69.8
2018-05-07,69.985
2018-05-08,70.075
2018-05-09,71.306
2018-05-10,71.426
2018-05-11,70.532
2018-05-14,71.17
2018-05-15,70.989
2018-05-16,71.573
2018-05-17,71.672
2018-05-18,71.433
2018-05-21,72.629
2018-05-22,72.078
2018-05-23,71.799
2018-05-24,70.629
2018-05-25,67.474
2018-05-28,66.46
2018-05-29,66.849
2018-05-30,68.207
2018-05-31,67.078
2018-06-01,65.74
2018-06-04,64.867
2018-06-05,65.5
2018-06-06,64.986
2018-06-07,65.92
2018-06-08,65.569
2018-06-11,66.057
2018-06-12,66.033
2018-06-13,66.607
2018-06-14,67.013
2018-06-15,64.359
2018-06-18,65.835
2018-06-19,65.039
2018-06-20,65.506
2018-06-21,65.964
2018-06-22,69.366
2018-06-25,68.336
2018-06-26,70.825
2018-06-27,72.403
2018-06-28,73.394
2018-06-29,74.402
2018-07-02,74.152
2018-07-03,74.382
2018-07-04,74.425
2018-07-05,73.247
2018-07-06,74.007
2018-07-09,74.078
2018-07-10,74.302
2018-07-11,70.634
2018-07-12,70.428
2018-07-13,70.59
2018-07-16,68.136
2018-07-17,67.683
2018-07-18,68.915
2018-07-19,68.985
2018-07-20,69.054
2018-07-23,68.658
2018-07-24,69.577
2018-07-25,70.104
2018-07-26,70.309
2018-07-27,69.746
2018-07-30,70.743
2018-07-31,69.013
2018-08-01,68.477
2018-08-02,69.544
2018-08-03,69.189
2018-08-06,69.343
2018-08-07,69.497
2018-08-08,67.145
2018-08-09,67.033
2018-08-10,68.093
2018-08-13,67.635
2018-08-14,66.834
2018-08-15,65.063
2018-08-16,65.594
2018-08-17,65.948
2018-08-20,66.118
2018-08-21,66.73
2018-08-22,68.767
2018-08-23,68.523
2018-08-24,69.161
2018-08-27,69.461
2018-08-28,69.035
2018-08-29,70.208
2018-08-30,70.533
2018-08-31,70.361
2018-09-03,70.492
2018-09-04,69.731
2018-09-05,68.987
2018-09-06,68.196
2018-09-07,68.095
2018-09-10,67.747
2018-09-11,70.062
2018-09-12,70.49
2018-09-13,68.964
2018-09-14,69.131
2018-09-17,68.851
2018-09-18,69.749
2018-09-19,71.281
2018-09-20,70.47
2018-09-21,70.996
2018-09-24,72.494
2018-09-25,72.272
2018-09-26,72.233
2018-09-27,72.418
2018-09-28,73.701
2018-10-01,75.692
2018-10-02,75.232
2018-10-03,76.376
2018-10-04,74.834
2018-10-05,74.449
2018-10-08,74.328
2018-10-09,74.789
2018-10-10,72.678
2018-10-11,71.048
2018-10-12,71.494
2018-10-15,71.708
2018-10-16,72.219
2018-10-17,70.173
2018-10-18,68.869
2018-10-19,69.701
2018-10-22,69.69
2018-10-23,66.207
2018-10-24,66.523
2018-10-25,67.089
2018-10-26,67.73
2018-10-29,66.788
2018-10-30,66.462
2018-10-31,64.975
2018-11-01,63.608
2018-11-02,62.922
2018-11-05,62.732
2018-11-06,61.821
2018-11-07,61.656
2018-11-08,60.821
2018-11-09,59.886
2018-11-12,58.871
2018-11-13,55.275
2018-11-14,56.064
2018-11-15,56.617
2018-11-16,56.871
2018-11-19,57.219
2018-11-20,53.224
2018-11-21,54.465
2018-11-22,53.74
2018-11-23,50.278
2018-11-26,51.473
2018-11-27,52.032
2018-11-28,50.214
2018-11-29,51.187
2018-11-30,50.632
2018-12-03,53.031
2018-12-04,52.536
2018-12-05,52.88
2018-12-06,51.661
2018-12-07,52.074
2018-12-10,50.858
2018-12-11,51.922
2018-12-12,51.171
2018-12-13,52.79
2018-12-14,51.214
2018-12-17,49.231
2018-12-18,46.008
2018-12-19,47.184
2018-12-20,46.005
2018-12-21,45.165
2018-12-24,42.537
2018-12-26,46.435
2018-12-27,45.245
2018-12-28,44.957
2018-12-31,45.703
2019-01-02,46.193
2019-01-03,46.708
2019-01-04,48.191
2019-01-07,48.639
2019-01-08,49.678
2019-01-09,52.086
2019-01-10,52.198
2019-01-11,51.64
2019-01-14,50.732
2019-01-15,51.962
2019-01-16,52.299
2019-01-17,52.171
2019-01-18,53.678
2019-01-21,53.877
2019-01-22,52.753
2019-01-23,52.105
2019-01-24,52.93
2019-01-25,53.307
2019-01-28,51.898
2019-01-29,53.063
2019-01-30,54.048
2019-01-31,53.833
2019-02-01,55.172
2019-02-04,54.701
2019-02-05,53.573
2019-02-06,53.776
2019-02-07,52.483
2019-02-08,52.606
2019-02-11,52.367
2019-02-12,53.255
2019-02-13,53.893
2019-02-14,54.421
2019-02-15,55.754
2019-02-18,56.035
2019-02-19,56.046
2019-02-20,56.879
2019-02-21,56.499
2019-02-22,56.751
2019-02-25,55.13
2019-02-26,55.719
2019-02-27,56.727
2019-02-28,56.999
2019-03-01,55.509
2019-03-04,56.246
2019-03-05,56.059
2019-03-06,56.003
2019-03-07,56.245
2019-03-08,55.869
2019-03-11,56.656
2019-03-12,56.969
2019-03-13,58.245
2019-03-14,58.443
2019-03-15,58.347
2019-03-18,58.961
2019-03-19,58.986
2019-03-20,59.681
2019-03-21,59.571
2019-03-22,58.665
2019-03-25,58.813
2019-03-26,59.758
2019-03-27,59.16
2019-03-28,59.269
2019-03-29,59.966
2019-04-01,61.559
2019-04-02,62.371
2019-04-03,62.312
2019-04-04,61.997
2019-04-05,63.104
2019-04-08,64.302
2019-04-09,64.122
2019-04-10,64.332
2019-04-11,63.614
2019-04-12,63.679
2019-04-15,63.494
2019-04-16,64.264
2019-04-17,63.684
2019-04-18,63.93
2019-04-22,65.55
2019-04-23,66.058
2019-04-24,65.663
2019-04-25,64.989
2019-04-26,62.747
2019-04-29,63.509
2019-04-30,63.374
2019-05-01,63.528
2019-05-02,61.485
2019-05-03,61.789
2019-05-06,62.541
2019-05-07,61.336
2019-05-08,61.94
2019-05-09,61.544
2019-05-10,61.713
2019-05-13,60.812
2019-05-14,61.336
2019-05-15,62.089
2019-05-16,63.106
2019-05-17,62.73
2019-05-20,63.124
2019-05-21,62.82
2019-05-22,61.179
2019-05-23,58.041
2019-05-24,58.879
2019-05-27,59.137
2019-05-28,58.963
2019-05-29,58.958
2019-05-30,56.323
2019-05-31,53.252
2019-06-03,52.781
2019-06-04,52.865
2019-06-05,51.641
2019-06-06,53.034
2019-06-07,53.977
2019-06-10,53.381
2019-06-11,52.996
2019-06-12,51.046
2019-06-13,52.195
2019-06-14,52.469
2019-06-17,51.907
2019-06-18,54.068
2019-06-19,54.174
2019-06-20,56.93
2019-06-21,57.38
2019-06-24,57.575
2019-06-25,58.568
2019-06-26,59.004
2019-06-27,59.111
2019-06-28,58.031
2019-07-01,59.049
2019-07-02,56.177
2019-07-03,57.297
2019-07-04,56.661
2019-07-05,57.61
2019-07-08,57.435
2019-07-09,58.266
2019-07-10,60.19
2019-07-11,60.332
2019-07-12,60.294
2019-07-15,59.276
2019-07-16,57.462
2019-07-17,56.598
2019-07-18,55.639
2019-07-19,55.788
2019-07-22,56.153
2019-07-23,57.026
2019-07-24,55.802
2019-07-25,55.806
2019-07-26,56.089
2019-07-29,56.959
2019-07-30,58.271
2019-07-31,57.836
2019-08-01,54.404
2019-08-02,55.142
2019-08-05,54.894
2019-08-06,53.409
2019-08-07,52.248
2019-08-08,52.901
2019-08-09,54.229
2019-08-12,54.765
2019-08-13,56.683
2019-08-14,54.907
2019-08-15,54.671
2019-08-16,54.892
2019-08-19,56.15
2019-08-20,56.134
2019-08-21,55.898
2019-08-22,55.396
2019-08-23,53.95
2019-08-26,53.817
2019-08-27,55.727
2019-08-28,55.936
2019-08-29,56.625
2019-08-30,55.149
2019-09-02,54.831
2019-09-03,53.945
2019-09-04,56.0
2019-09-05,56.199
2019-09-06,56.658
2019-09-09,58.056
2019-09-10,57.89
2019-09-11,55.953
2019-09-12,55.072
2019-09-13,54.836
2019-09-16,61.859
2019-09-17,58.763
2019-09-18,58.336
2019-09-19,58.783
2019-09-20,58.513
2019-09-23,58.606
2019-09-24,56.953
2019-09-25,56.734
2019-09-26,56.65
2019-09-27,56.245
2019-09-30,54.28
2019-10-01,54.051
2019-10-02,52.545
2019-10-03,52.346
2019-10-04,53.048
2019-10-07,52.841
2019-10-08,52.647
2019-10-09,52.704
2019-10-10,53.931
2019-10-11,54.928
2019-10-14,53.506
2019-10-15,52.951
2019-10-16,53.003
2019-10-17,54.099
2019-10-18,53.732
2019-10-21,53.564
2019-10-22,54.281
2019-10-23,55.816
2019-10-24,56.019
2019-10-25,56.575
2019-10-28,55.704
2019-10-29,55.456
2019-10-30,54.854
2019-10-31,54.087
2019-11-01,56.118
2019-11-04,56.525
2019-11-05,57.217
2019-11-06,56.36
2019-11-07,57.052
2019-11-08,57.405
2019-11-11,56.898
2019-11-12,56.775
2019-11-13,57.357
2019-11-14,56.87
2019-11-15,57.872
2019-11-18,56.85
2019-11-19,55.175
2019-11-20,57.01
2019-11-21,58.246
2019-11-22,57.855
2019-11-25,57.848
2019-11-26,58.255
2019-11-27,58.078
2019-11-28,58.22
2019-11-29,55.405
2019-12-02,55.918
2019-12-03,56.24
2019-12-04,58.312
2019-12-05,58.284
2019-12-06,59.111
2019-12-09,58.88
2019-12-10,59.082
2019-12-11,58.82
2019-12-12,59.193
2019-12-13,59.765
2019-12-16,60.187
2019-12-17,60.546
2019-12-18,60.845
2019-12-19,61.104
2019-12-20,60.407
2019-12-23,60.679
2019-12-24,61.178
2019-12-26,61.766
2019-12-27,61.715
2019-12-30,61.691
2019-12-31,61.23
2020-01-02,61.187
2020-01-03,63.052
2020-01-06,62.863
2020-01-07,62.727
2020-01-08,59.98
2020-01-09,59.609
2020-01-10,59.142
2020-01-13,58.086
2020-01-14,58.156
2020-01-15,58.116
2020-01-16,58.604
2020-01-17,58.804
2020-01-20,58.702
2020-01-21,58.245
2020-01-22,56.126
2020-01-23,55.689
2020-01-24,54.164
2020-01-27,52.798
2020-01-28,53.951
2020-01-29,53.086
2020-01-30,52.944
2020-01-31,51.589
2020-02-03,49.898
2020-02-04,49.436
2020-02-05,51.198
2020-02-06,51.091
2020-02-07,50.346
2020-02-10,49.655
2020-02-11,49.943
2020-02-12,51.665
2020-02-13,51.523
2020-02-14,52.208
2020-02-17,52.322
2020-02-18,52.113
2020-02-19,53.464
2020-02-20,53.463
2020-02-21,53.197
2020-02-24,51.145
2020-02-25,49.883
2020-02-26,48.436
2020-02-27,46.196
2020-02-28,45.117
2020-03-02,47.375
2020-03-03,46.988
2020-03-04,47.09
2020-03-05,45.913
2020-03-06,41.522
2020-03-09,30.093
2020-03-10,34.751
2020-03-11,33.091
2020-03-12,30.956
2020-03-13,32.862
2020-03-16,28.529
2020-03-17,26.885
2020-03-18,22.573
2020-03-19,25.398
2020-03-20,23.355
2020-03-23,23.578
2020-03-24,24.121
2020-03-25,24.095
2020-03-26,22.95
2020-03-27,21.637
2020-03-30,20.083
2020-03-31,20.009
2020-04-01,21.017
2020-04-02,24.594
2020-04-03,28.6
2020-04-06,26.144
2020-04-07,24.066
2020-04-08,26.073
2020-04-09,23.123
2020-04-13,22.383
2020-04-14,21.446
2020-04-15,20.444
2020-04-16,20.268
2020-04-17,19.776
2020-04-20,17.112
2020-04-21,12.839
2020-04-22,13.514
2020-04-23,14.177
2020-04-24,13.934
2020-04-27,12.219
2020-04-28,12.089
2020-04-29,13.02
2020-04-30,15.038
2020-05-01,15.369
2020-05-04,16.531
2020-05-05,19.234
2020-05-06,18.258
2020-05-07,17.836
2020-05-08,18.824
2020-05-11,18.752
2020-05-12,19.287
2020-05-13,19.454
2020-05-14,21.113
2020-05-15,22.624
2020-05-18,25.162
2020-05-19,24.999
2020-05-20,26.447
2020-05-21,27.003
2020-05-22,26.732
2020-05-25,27.538
2020-05-26,28.108
2020-05-27,26.714
2020-05-28,28.139
2020-05-29,29.797
2020-06-01,30.632
2020-06-02,31.943
2020-06-03,31.992
2020-06-04,32.772
2020-06-05,34.548
2020-06-08,34.53
2020-06-09,34.965
2020-06-10,35.843
2020-06-11,33.406
2020-06-12,33.975
2020-06-15,35.276
2020-06-16,36.304
2020-06-17,36.386
2020-06-18,37.394
2020-06-19,37.912
2020-06-22,39.137
2020-06-23,38.603
2020-06-24,36.776
2020-06-25,37.795
2020-06-26,37.012
2020-06-29,38.518
2020-06-30,38.708
2020-07-01,38.709
2020-07-02,39.327
2020-07-03,39.391
2020-07-06,39.825
2020-07-07,39.724
2020-07-08,40.192
2020-07-09,38.968
2020-07-10,40.014
2020-07-13,39.185
2020-07-14,40.105
2020-07-15,40.672
2020-07-16,40.447
2020-07-17,40.321
2020-07-20,40.409
2020-07-21,41.139
2020-07-22,41.494
2020-07-23,40.675
2020-07-24,40.985
2020-07-27,41.339
2020-07-28,40.788
2020-07-29,41.0
2020-07-30,40.059
2020-07-31,40.176
2020-08-03,40.535
2020-08-04,41.316
2020-08-05,42.006
2020-08-06,41.77
2020-08-07,41.405
2020-08-10,41.85
2020-08-11,41.502
2020-08-12,42.445
2020-08-13,42.252
2020-08-14,42.133
2020-08-17,42.764
2020-08-18,42.432
2020-08-19,42.644
2020-08-20,42.455
2020-08-21,41.972
2020-08-24,42.128
2020-08-25,43.136
2020-08-26,43.168
2020-08-27,42.772
2020-08-28,42.733
2020-08-31,42.614
2020-09-01,42.803
2020-09-02,41.408
2020-09-03,41.108
2020-09-04,39.326
2020-09-07,38.966
2020-09-08,36.725
2020-09-09,37.675
2020-09-10,36.907
2020-09-11,37.282
2020-09-14,37.191
2020-09-15,38.343
2020-09-16,40.113
2020-09-17,40.931
2020-09-18,40.926
2020-09-21,39.601
2020-09-22,39.542
2020-09-23,39.383
2020-09-24,39.985
2020-09-25,39.858
2020-09-28,40.404
2020-09-29,38.943
2020-09-30,39.7
2020-10-01,38.437
2020-10-02,36.84
2020-10-05,39.232
2020-10-06,39.723
2020-10-07,39.935
2020-10-08,41.17
2020-10-09,40.46
2020-10-12,39.437
2020-10-13,40.133
2020-10-14,41.063
2020-10-15,40.86
2020-10-16,40.683
2020-10-19,40.629
2020-10-20,40.937
2020-10-21,39.72
2020-10-22,40.342
2020-10-23,39.467
2020-10-26,38.376
2020-10-27,38.72
2020-10-28,37.177
2020-10-29,35.92
2020-10-30,35.587
2020-11-02,36.934
2020-11-03,37.991
2020-11-04,38.991
2020-11-05,38.39
2020-11-06,37.347
2020-11-09,39.737
2020-11-10,41.699
2020-11-11,41.329
2020-11-12,40.852
2020-11-13,40.068
2020-11-16,41.432
2020-11-17,41.347
2020-11-18,41.563
2020-11-19,41.657
2020-11-20,42.219
2020-11-23,42.637
2020-11-24,44.59
2020-11-25,45.643
2020-11-26,44.784
2020-11-27,45.335
2020-11-30,44.897
2020-12-01,44.239
2020-12-02,44.798
2020-12-03,45.489
2020-12-04,45.958
2020-12-07,45.521
2020-12-08,45.495
2020-12-09,45.593
2020-12-10,46.878
2020-12-11,46.467
2020-12-14,46.966
2020-12-15,47.544
2020-12-16,47.847
2020-12-17,48.344
2020-12-18,49.023
2020-12-21,47.661
2020-12-22,46.605
2020-12-23,47.881
2020-12-24,48.126
2020-12-28,47.545
2020-12-29,47.948
2020-12-30,48.174
2020-12-31,48.295
2021-01-04,47.249
2021-01-05,49.703
2021-01-06,50.418
2021-01-07,50.834
2021-01-08,52.623
2021-01-11,52.111
2021-01-12,53.227
2021-01-13,52.812
2021-01-14,53.676
2021-01-15,52.031
2021-01-18,52.052
2021-01-19,52.946
2021-01-20,52.881
2021-01-21,52.951
2021-01-22,51.919
2021-01-25,52.81
2021-01-26,52.693
2021-01-27,52.575
2021-01-28,52.038
2021-01-29,52.073
2021-02-01,53.486
2021-02-02,54.987
2021-02-03,55.898
2021-02-04,56.425
2021-02-05,57.045
2021-02-08,58.059
2021-02-09,58.364
2021-02-10,58.364
2021-02-11,57.882
2021-02-12,59.676
2021-02-15,60.096
2021-02-16,60.127
2021-02-17,61.706
2021-02-18,60.296
2021-02-19,59.043
2021-02-22,62.209
2021-02-23,61.215
2021-02-24,63.48
2021-02-25,63.49
2021-02-26,61.639
2021-03-01,60.231
2021-03-02,59.485
2021-03-03,61.07
2021-03-04,64.03
2021-03-05,66.272
2021-03-08,64.685
2021-03-09,63.819
2021-03-10,64.698
2021-03-11,65.92
2021-03-12,65.58
2021-03-15,65.29
2021-03-16,64.957
2021-03-17,64.431
2021-03-18,59.56
2021-03-19,61.455
2021-03-22,61.251
2021-03-23,57.376
2021-03-24,60.821
2021-03-25,58.32
2021-03-26,60.717
2021-03-29,61.583
2021-03-30,60.379
2021-03-31,59.418
2021-04-01,61.243
2021-04-05,58.781
2021-04-06,59.186
2021-04-07,59.547
2021-04-08,59.776
2021-04-09,59.317
2021-04-12,59.622
2021-04-13,60.453
2021-04-14,62.739
2021-04-15,63.307
2021-04-16,63.052
2021-04-19,63.47
2021-04-20,62.341
2021-04-21,61.027
2021-04-22,61.598
2021-04-23,61.997
2021-04-26,61.919
2021-04-27,62.972
2021-04-28,63.612
2021-04-29,64.83
2021-04-30,63.431
2021-05-03,64.464
2021-05-04,66.093
2021-05-05,65.273
2021-05-06,64.828
2021-05-07,64.81
2021-05-10,64.849
2021-05-11,65.418
2021-05-12,65.698
2021-05-13,63.763
2021-05-14,65.499
2021-05-17,66.378
2021-05-18,65.233
2021-05-19,63.331
2021-05-20,61.773
2021-05-21,63.828
2021-05-24,66.009
2021-05-25,65.977
2021-05-26,66.115
2021-05-27,66.846
2021-05-28,66.622
2021-05-31,66.894
2021-06-01,67.992
2021-06-02,68.753
2021-06-03,68.918
2021-06-04,69.389
2021-06-07,69.214
2021-06-08,70.009
2021-06-09,69.748
2021-06-10,70.086
2021-06-11,70.811
2021-06-14,71.189
2021-06-15,72.452
2021-06-16,71.638
2021-06-17,71.048
2021-06-18,71.412
2021-06-21,73.394
2021-06-22,73.396
2021-06-23,73.563
2021-06-24,73.608
2021-06-25,74.279
2021-06-28,72.977
2021-06-29,73.684
2021-06-30,73.68
2021-07-01,75.176
2021-07-02,75.318
2021-07-05,76.494
2021-07-06,73.958
2021-07-07,72.264
2021-07-08,73.385
2021-07-09,74.754
2021-07-12,74.263
2021-07-13,75.323
2021-07-14,72.982
2021-07-15,71.53
2021-07-16,71.498
2021-07-19,66.798
2021-07-20,66.667
2021-07-21,70.5
2021-07-22,71.972
2021-07-23,72.44
2021-07-26,72.408
2021-07-27,72.108
2021-07-28,72.596
2021-07-29,73.609
2021-07-30,73.964
2021-08-02,71.639
2021-08-03,70.365
2021-08-04,68.159
2021-08-05,69.233
2021-08-06,67.98
2021-08-09,66.906
2021-08-10,68.59
2021-08-11,69.447
2021-08-12,68.983
2021-08-13,68.094
2021-08-16,67.501
2021-08-17,66.575
2021-08-18,64.527
2021-08-19,63.942
2021-08-20,62.112
2021-08-23,65.775
2021-08-24,67.891
2021-08-25,68.222
2021-08-26,67.995
2021-08-27,68.892
2021-08-30,69.318
2021-08-31,68.69
2021-09-01,68.398
2021-09-02,69.939
2021-09-03,69.264
2021-09-06,69.041
2021-09-07,68.523
2021-09-08,69.504
2021-09-09,67.996
2021-09-10,69.772
2021-09-13,70.735
2021-09-14,70.839
2021-09-15,72.661
2021-09-16,72.63
2021-09-17,72.027
2021-09-20,70.603
2021-09-21,71.042
2021-09-22,72.189
2021-09-23,73.415
2021-09-24,74.16
2021-09-27,75.571
2021-09-28,74.494
2021-09-29,74.901
2021-09-30,75.272
2021-10-01,75.861
2021-10-04,77.729
2021-10-05,79.199
2021-10-06,77.038
2021-10-07,78.953
2021-10-08,79.689
2021-10-11,80.545
2021-10-12,80.617
2021-10-13,80.669
2021-10-14,81.475
2021-10-15,82.672
2021-10-18,82.107
2021-10-19,83.035
2021-10-20,84.134
2021-10-21,83.174
2021-10-22,84.512
2021-10-25,84.171
2021-10-26,84.897
2021-10-27,82.476
2021-10-28,83.47
2021-10-29,83.604
2021-11-01,84.191
2021-11-02,83.287
2021-11-03,80.391
2021-11-04,79.613
2021-11-05,81.448
2021-11-08,82.406
2021-11-09,84.728
2021-11-10,81.453
2021-11-11,81.339
2021-11-12,80.811
2021-11-15,81.017
2021-11-16,80.659
2021-11-17,78.237
2021-11-18,79.057
2021-11-19,76.394
2021-11-22,77.127
2021-11-23,79.145
2021-11-24,78.935
2021-11-25,78.634
2021-11-26,68.698
2021-11-29,70.501
2021-11-30,67.376
2021-12-01,66.029
2021-12-02,67.733
2021-12-03,66.582
2021-12-06,70.308
2021-12-07,72.044
2021-12-08,72.906
2021-12-09,70.842
2021-12-10,72.19
2021-12-13,71.364
2021-12-14,70.396
2021-12-15,71.577
2021-12-16,72.084
2021-12-17,70.407
2021-12-20,69.492
2021-12-21,71.556
2021-12-22,73.288
2021-12-23,74.006
2021-12-27,76.175
2021-12-28,76.25
2021-12-29,76.807
2021-12-30,76.662
2021-12-31,75.655
2022-01-03,76.162
2022-01-04,77.359
2022-01-05,77.344
2022-01-06,79.809
2022-01-07,79.077
2022-01-10,78.541
2022-01-11,81.389
2022-01-12,82.86
2022-01-13,81.754
2022-01-14,84.35
2022-01-17,84.414
2022-01-18,86.535
2022-01-19,85.64
2022-01-20,85.088
2022-01-21,85.402
2022-01-24,84.597
2022-01-25,85.661
2022-01-26,87.674
2022-01-27,87.771
2022-01-28,87.788
2022-01-31,88.56
2022-02-01,88.737
2022-02-02,88.382
2022-02-03,90.542
2022-02-04,92.289
2022-02-07,91.919
2022-02-08,90.034
2022-02-09,90.27
2022-02-10,90.281
2022-02-11,94.101
2022-02-14,94.927
2022-02-15,92.298
2022-02-16,90.756
2022-02-17,91.892
2022-02-18,92.461
2022-02-21,94.542
2022-02-22,93.25
2022-02-23,93.858
2022-02-24,94.565
2022-02-25,93.378
2022-02-28,97.221
2022-03-01,107.714
2022-03-02,112.76
2022-03-03,109.364
2022-03-04,116.345
2022-03-07,121.5
2022-03-08,125.912
2022-03-09,110.488
2022-03-10,106.639
2022-03-11,109.885
2022-03-14,102.528
2022-03-15,95.583
2022-03-16,95.703
2022-03-17,103.544
2022-03-18,104.858
2022-03-21,112.341
2022-03-22,110.08
2022-03-23,115.752
2022-03-24,112.642
2022-03-25,113.888
2022-03-28,104.457
2022-03-29,106.178
2022-03-30,108.393
2022-03-31,102.028
2022-04-01,100.28
2022-04-04,104.386
2022-04-05,101.982
2022-04-06,97.582
2022-04-07,97.681
2022-04-08,98.378
2022-04-11,95.542
2022-04-12,101.331
2022-04-13,104.477
2022-04-14,106.739
2022-04-18,107.658
2022-04-19,102.994
2022-04-20,103.039
2022-04-21,104.623
2022-04-22,102.301
2022-04-25,99.116
2022-04-26,102.221
2022-04-27,102.528
2022-04-28,105.631
2022-04-29,104.611
2022-05-02,105.459
2022-05-03,103.833
2022-05-04,107.87
2022-05-05,108.927
2022-05-06,110.857
2022-05-09,102.589
2022-05-10,99.589
2022-05-11,105.77
2022-05-12,106.801
2022-05-13,110.29
2022-05-16,113.919
2022-05-17,113.621
2022-05-18,109.668
2022-05-19,112.044
2022-05-20,113.03
2022-05-23,113.058
2022-05-24,112.665
2022-05-25,113.034
2022-05-26,116.563
2022-05-27,117.254
2022-05-30,118.962
2022-05-31,117.115
2022-06-01,116.584
2022-06-02,119.269
2022-06-03,121.952
2022-06-06,120.787
2022-06-07,121.049
2022-06-08,123.633
2022-06-09,122.549
2022-06-10,121.522
2022-06-13,121.813
2022-06-14,119.679
2022-06-15,116.338
2022-06-16,117.35
2022-06-17,111.317
2022-06-20,111.106
2022-06-21,111.854
2022-06-22,106.344
2022-06-23,105.946
2022-06-24,109.019
2022-06-27,111.573
2022-06-28,113.553
2022-06-29,111.223
2022-06-30,107.462
2022-07-01,109.856
2022-07-04,111.822
2022-07-05,100.598
2022-07-06,99.06
2022-07-07,103.018
2022-07-08,105.645
2022-07-11,104.09
2022-07-12,96.1
2022-07-13,96.859
2022-07-14,96.853
2022-07-15,97.87
2022-07-18,101.837
2022-07-19,103.356
2022-07-20,102.646
2022-07-21,99.206
2022-07-22,97.638
2022-07-25,98.773
2022-07-26,97.707
2022-07-27,100.283
2022-07-28,99.396
2022-07-29,100.302
2022-08-01,95.752
2022-08-02,95.432
2022-08-03,92.409
2022-08-04,89.133
2022-08-05,89.814
2022-08-08,91.574
2022-08-09,91.527
2022-08-10,92.475
2022-08-11,94.87
2022-08-12,92.636
2022-08-15,88.363
2022-08-16,87.634
2022-08-17,87.671
2022-08-18,90.746
2022-08-19,90.371
2022-08-22,91.254
2022-08-23,94.429
2022-08-24,96.016
2022-08-25,93.616
2022-08-26,93.578
2022-08-29,97.484
2022-08-30,92.815
2022-08-31,89.279
2022-09-01,86.769
2022-09-02,87.592
2022-09-05,89.204
2022-09-06,87.252
2022-09-07,81.913
2022-09-08,82.981
2022-09-09,86.359
2022-09-12,88.213
2022-09-13,87.78
2022-09-14,89.11
2022-09-15,85.207
2022-09-16,85.477
2022-09-19,85.469
2022-09-20,84.736
2022-09-21,83.45
2022-09-22,83.908
2022-09-23,79.75
2022-09-26,76.571
2022-09-27,78.265
2022-09-28,82.197
2022-09-29,81.907
2022-09-30,79.991
2022-10-03,83.561
2022-10-04,86.63
2022-10-05,88.28
2022-10-06,89.137
2022-10-07,93.441
2022-10-10,90.979
2022-10-11,88.726
2022-10-12,87.219
2022-10-13,89.321
2022-10-14,85.672
2022-10-17,85.689
2022-10-18,83.624
2022-10-19,85.509
2022-10-20,85.749
2022-10-21,85.843
2022-10-24,85.539
2022-10-25,85.567
2022-10-26,88.898
2022-10-27,89.177
2022-10-28,88.948
2022-10-31,86.726
2022-11-01,89.076
2022-11-02,89.812
2022-11-03,88.402
2022-11-04,93.011
2022-11-07,92.244
2022-11-08,89.009
2022-11-09,85.94
2022-11-10,86.48
2022-11-11,89.13
2022-11-14,85.398
2022-11-15,86.963
2022-11-16,85.431
2022-11-17,82.494
2022-11-18,80.893
2022-11-21,80.818
2022-11-22,81.67
2022-11-23,77.942
2022-11-24,78.47
2022-11-25,77.019
2022-11-28,76.964
2022-11-29,79.314
2022-11-30,80.899
2022-12-01,81.805
2022-12-02,80.681
2022-12-05,77.65
2022-12-06,74.726
2022-12-07,72.652
2022-12-08,72.039
2022-12-09,71.777
2022-12-12,73.477
2022-12-13,75.415
2022-12-14,77.59
2022-12-15,76.548
2022-12-16,74.81
2022-12-19,75.98
2022-12-20,76.161
2022-12-21,78.555
2022-12-22,78.356
2022-12-23,79.473
2022-12-27,79.965
2022-12-28,78.974
2022-12-29,78.82
2022-12-30,80.582
2023-01-03,77.306
2023-01-04,73.277
2023-01-05,73.994
2023-01-06,73.739
2023-01-09,74.922
2023-01-10,74.723
2023-01-11,77.745
2023-01-12,78.301
2023-01-13,80.082
2023-01-16,78.884
2023-01-17,81.053
2023-01-18,79.181
2023-01-19,80.594
2023-01-20,81.479
2023-01-23,81.401
2023-01-24,80.052
2023-01-25,80.224
2023-01-26,80.92
2023-01-27,79.231
2023-01-30,77.65
2023-01-31,78.885
2023-02-01,76.556
2023-02-02,75.85
2023-02-03,73.106
2023-02-06,74.354
2023-02-07,77.487
2023-02-08,78.393
2023-02-09,77.566
2023-02-10,79.706
2023-02-13,79.132
2023-02-14,78.823
2023-02-15,78.53
2023-02-16,78.097
2023-02-17,76.417
2023-02-20,77.228
2023-02-21,76.017
2023-02-22,73.727
2023-02-23,75.505
2023-02-24,76.319
2023-02-27,75.613
2023-02-28,76.697
2023-03-01,77.606
2023-03-02,77.762
2023-03-03,79.77
2023-03-06,80.393
2023-03-07,77.107
2023-03-08,76.399
2023-03-09,75.541
2023-03-10,76.596
2023-03-13,74.644
2023-03-14,71.467
2023-03-15,68.189
2023-03-16,68.207
2023-03-17,66.357
2023-03-20,67.654
2023-03-21,69.355
2023-03-22,69.745
2023-03-23,69.306
2023-03-24,69.097
2023-03-27,72.751
2023-03-28,73.465
2023-03-29,72.672
2023-03-30,74.235
2023-03-31,75.574
2023-04-03,80.33
2023-04-04,80.921
2023-04-05,80.248
2023-04-06,80.384
2023-04-10,79.854
2023-04-11,81.414
2023-04-12,83.204
2023-04-13,82.376
2023-04-14,82.637
2023-04-17,80.958
2023-04-18,80.913
2023-04-19,79.027
2023-04-20,77.147
2023-04-21,77.967
2023-04-24,78.691
2023-04-25,77.126
2023-04-26,74.36
2023-04-27,74.825
2023-04-28,76.65
2023-05-01,75.744
2023-05-02,71.544
2023-05-03,68.129
2023-05-04,68.608
2023-05-05,71.338
2023-05-08,72.798
2023-05-09,73.528
2023-05-10,72.782
2023-05-11,71.427
2023-05-12,70.072
2023-05-15,71.306
2023-05-16,70.551
2023-05-17,72.673
2023-05-18,71.979
2023-05-19,71.841
2023-05-22,72.065
2023-05-23,73.72
2023-05-24,74.177
2023-05-25,71.774
2023-05-26,72.855
2023-05-29,72.994
2023-05-30,69.517
2023-05-31,67.559
2023-06-01,70.129
2023-06-02,71.85
2023-06-05,71.904
2023-06-06,71.421
2023-06-07,72.437
2023-06-08,70.914
2023-06-09,70.32
2023-06-12,67.33
2023-06-13,69.274
2023-06-14,68.69
2023-06-15,70.606
2023-06-16,71.483
2023-06-19,71.343
2023-06-20,70.745
2023-06-21,72.201
2023-06-22,69.412
2023-06-23,69.392
2023-06-26,69.416
2023-06-27,67.893
2023-06-28,69.031
2023-06-29,69.685
2023-06-30,70.344
2023-07-03,70.033
2023-07-04,70.942
2023-07-05,71.761
2023-07-06,71.826
2023-07-07,73.619
2023-07-10,73.165
2023-07-11,74.789
2023-07-12,75.813
2023-07-13,77.188
2023-07-14,75.239
2023-07-17,74.123
2023-07-18,75.808
2023-07-19,75.445
2023-07-20,75.773
2023-07-21,76.887
2023-07-24,78.968
2023-07-25,79.391
2023-07-26,78.983
2023-07-27,79.862
2023-07-28,80.72
2023-07-31,81.799
2023-08-01,82.202
2023-08-02,79.779
2023-08-03,81.768
2023-08-04,82.671
2023-08-07,82.514
2023-08-08,82.847
2023-08-09,84.255
2023-08-10,82.941
2023-08-11,83.026
2023-08-14,82.451
2023-08-15,81.117
2023-08-16,79.416
2023-08-17,80.091
2023-08-18,81.248
2023-08-21,80.649
2023-08-22,80.076
2023-08-23,78.966
2023-08-24,79.263
2023-08-25,80.403
2023-08-28,80.328
2023-08-29,81.639
2023-08-30,82.03
2023-08-31,83.897
2023-09-01,86.315
2023-09-04,86.233
2023-09-05,86.973
2023-09-06,87.804
2023-09-07,86.98
2023-09-08,87.42
2023-09-11,87.472
2023-09-12,88.907
2023-09-13,88.981
2023-09-14,90.83
2023-09-15,91.097
2023-09-18,91.617
2023-09-19,91.3
2023-09-20,89.811
2023-09-21,90.119
2023-09-22,90.884
2023-09-25,90.368
2023-09-26,91.016
2023-09-27,94.162
2023-09-28,92.243
2023-09-29,91.178
2023-10-02,88.976
2023-10-03,89.765
2023-10-04,84.743
2023-10-05,82.813
2023-10-06,83.076
2023-10-09,86.557
2023-10-10,86.036
2023-10-11,83.717
2023-10-12,84.041
2023-10-13,88.182
2023-10-16,87.284
2023-10-17,87.991
2023-10-18,88.704
2023-10-19,90.743
2023-10-20,89.831
2023-10-23,87.42
2023-10-24,84.903
2023-10-25,86.522
2023-10-26,84.656
2023-10-27,86.288
2023-10-30,83.538
2023-10-31,82.275
2023-11-01,81.752
2023-11-02,83.32
2023-11-03,81.641
2023-11-06,81.546
2023-11-07,77.685
2023-11-08,76.099
2023-11-09,76.054
2023-11-10,77.814
2023-11-13,78.866
2023-11-14,78.495
2023-11-15,77.004
2023-11-16,73.429
2023-11-17,76.412
2023-11-20,77.894
2023-11-21,78.095
2023-11-22,77.076
2023-11-23,76.646
2023-11-24,75.433
2023-11-27,75.243
2023-11-28,76.768
2023-11-29,77.916
2023-11-30,75.811
2023-12-01,74.563
2023-12-04,73.428
2023-12-05,72.206
2023-12-06,69.367
2023-12-07,69.754
2023-12-08,71.418
2023-12-11,71.481
2023-12-12,68.83
2023-12-13,69.971
2023-12-14,71.801
2023-12-15,71.955
2023-12-18,72.721
2023-12-19,74.033
2023-12-20,73.653
2023-12-21,73.793
2023-12-22,73.363
2023-12-26,75.282
2023-12-27,73.709
2023-12-28,71.922
2023-12-29,71.242
2024-01-02,70.4
2024-01-03,72.916
2024-01-04,72.307
2024-01-05,73.889
2024-01-08,70.86
2024-01-09,72.158
2024-01-10,71.324
2024-01-11,72.874
2024-01-12,72.806
2024-01-15,72.545
2024-01-16,71.957
2024-01-17,72.688
2024-01-18,73.813
2024-01-19,73.385
2024-01-22,74.619
2024-01-23,74.47
2024-01-24,75.311
2024-01-25,77.067
2024-01-26,78.148
2024-01-29,76.958
2024-01-30,77.739
2024-01-31,75.811
2024-02-01,73.878
2024-02-02,72.365
2024-02-05,72.784
2024-02-06,73.445
2024-02-07,74.057
2024-02-08,76.442
2024-02-09,76.589
2024-02-12,76.918
2024-02-13,77.805
2024-02-14,76.541
2024-02-15,77.918
2024-02-16,78.561
2024-02-19,78.517
2024-02-20,77.472
2024-02-21,78.32
2024-02-22,78.612
2024-02-23,76.836
2024-02-26,77.82
2024-02-27,78.738
2024-02-28,78.502
2024-02-29,78.482
2024-03-01,79.991
2024-03-04,78.909
2024-03-05,78.292
2024-03-06,79.244
2024-03-07,79.575
2024-03-08,77.962
2024-03-11,78.224
2024-03-12,78.119
2024-03-13,79.653
2024-03-14,80.954
2024-03-15,81.017
2024-03-18,82.64
2024-03-19,82.934
2024-03-20,81.831
2024-03-21,81.185
2024-03-22,81.173
2024-03-25,82.321
2024-03-26,81.591
2024-03-27,82.036
2024-03-28,83.434
2024-04-01,84.241
2024-04-02,85.698
2024-04-03,85.891
2024-04-04,87.051
2024-04-05,86.947
2024-04-08,86.733
2024-04-09,85.558
2024-04-10,86.485
2024-04-11,85.865
2024-04-12,85.811
2024-04-15,85.972
2024-04-16,85.569
2024-04-17,83.098
2024-04-18,82.656
2024-04-19,82.845
2024-04-22,82.786
2024-04-23,84.033
2024-04-24,83.436
2024-04-25,84.405
2024-04-26,84.276
2024-04-29,83.23
2024-04-30,81.96
2024-05-01,79.559
2024-05-02,79.492
2024-05-03,78.379
2024-05-06,79.002
2024-05-07,78.669
2024-05-08,79.521
2024-05-09,79.83
2024-05-10,78.428
2024-05-13,79.376
2024-05-14,78.572
2024-05-15,78.986
2024-05-16,79.472
2024-05-17,80.095
2024-05-20,79.716
2024-05-21,78.698
2024-05-22,77.75
2024-05-23,77.427
2024-05-24,78.255
2024-05-27,78.961
2024-05-28,80.665
2024-05-29,79.674
2024-05-30,78.215
2024-05-31,77.5
2024-06-03,74.269
2024-06-04,73.145
2024-06-05,74.534
2024-06-06,75.872
2024-06-07,75.61
2024-06-10,78.417
2024-06-11,78.326
2024-06-12,78.406
2024-06-13,78.047
2024-06-14,78.523
2024-06-17,80.398
2024-06-18,81.19
2024-06-19,81.053
2024-06-20,81.633
2024-06-21,80.952
2024-06-24,82.101
2024-06-25,81.094
2024-06-26,81.223
2024-06-27,82.124
2024-06-28,81.795
2024-07-01,83.669
2024-07-02,83.431
2024-07-03,83.86
2024-07-04,84.32
2024-07-05,83.559
2024-07-08,82.434
2024-07-09,81.965
2024-07-10,82.604
2024-07-11,83.063
2024-07-12,82.319
2024-07-15,82.087
2024-07-16,80.868
2024-07-17,83.046
2024-07-18,82.226
2024-07-19,79.922
2024-07-22,79.41
2024-07-23,78.563
2024-07-24,78.568
2024-07-25,79.41
2024-07-26,77.41
2024-07-29,76.791
2024-07-30,76.065
2024-07-31,79.41
2024-08-01,77.663
2024-08-02,74.823
2024-08-05,74.452
2024-08-06,73.543
2024-08-07,75.942
2024-08-08,76.532
2024-08-09,77.468
2024-08-12,79.779
2024-08-13,78.763
2024-08-14,77.619
2024-08-15,78.519
2024-08-16,76.999
2024-08-19,75.186
2024-08-20,74.42
2024-08-21,73.197
2024-08-22,74.202
2024-08-23,76.182
2024-08-26,78.267
2024-08-27,76.808
2024-08-28,75.381
2024-08-29,76.973
2024-08-30,74.54
2024-09-02,74.805
2024-09-03,70.895
2024-09-04,69.88
2024-09-05,69.936
2024-09-06,68.696
2024-09-09,69.252
2024-09-10,66.683
2024-09-11,67.7
2024-09-12,69.509
2024-09-13,69.545
2024-09-16,70.668
2024-09-17,71.26
2024-09-18,70.416
2024-09-19,72.419
2024-09-20,72.492
2024-09-23,71.841
2024-09-24,72.66
2024-09-25,70.875
2024-09-26,68.413
2024-09-27,69.562
2024-09-30,69.115
2024-10-01,71.555
2024-10-02,71.774
2024-10-03,74.463
2024-10-04,75.191
2024-10-07,77.947
2024-10-08,74.468
2024-10-09,73.869
2024-10-10,76.12
2024-10-11,76.007
2024-10-14,72.406
2024-10-15,71.468
2024-10-16,71.105
2024-10-17,71.167
2024-10-18,69.774
2024-10-21,70.641
2024-10-22,72.145
2024-10-23,71.858
2024-10-24,71.126
2024-10-25,72.431
2024-10-28,68.637
2024-10-29,68.09
2024-10-30,69.691
2024-10-31,71.079
2024-11-01,69.876
2024-11-04,72.175
2024-11-05,72.427
2024-11-06,72.272
2024-11-07,72.559
2024-11-08,70.771
2024-11-11,68.381
2024-11-12,68.197
2024-11-13,68.278
2024-11-14,68.78
2024-11-15,67.222
2024-11-18,69.407
2024-11-19,69.613
2024-11-20,69.327
2024-11-21,70.421
2024-11-22,71.47
2024-11-25,69.326
2024-11-26,69.22
2024-11-27,68.989
2024-11-28,69.11
2024-11-29,68.338
2024-12-02,68.327
2024-12-03,70.111
2024-12-04,68.838
2024-12-05,68.552
2024-12-06,67.289
2024-12-09,68.251
2024-12-10,68.561
2024-12-11,70.411
2024-12-12,70.082
2024-12-13,71.092
2024-12-16,70.674
2024-12-17,70.219
2024-12-18,69.881
2024-12-19,69.598
2024-12-20,69.933
2024-12-23,69.908
2024-12-24,70.501
2024-12-26,69.978
2024-12-27,70.534
2024-12-30,71.407
2024-12-31,72.118
2025-01-02,73.348
2025-01-03,74.273
2025-01-06,73.609
2025-01-07,74.609
2025-01-08,73.474
2025-01-09,74.454
2025-01-10,76.721
2025-01-13,78.875
2025-01-14,78.181
2025-01-15,80.499
2025-01-16,79.231
2025-01-17,78.629
2025-01-20,77.485
2025-01-21,77.008
2025-01-22,76.459
2025-01-23,75.288
2025-01-24,75.556
2025-01-27,73.931
2025-01-28,74.77
2025-01-29,73.785
2025-01-30,73.962
2025-01-31,74.517
2025-02-03,72.883
2025-02-04,73.292
2025-02-05,71.661
2025-02-06,70.997
2025-02-07,71.472
2025-02-10,72.806
2025-02-11,73.505
2025-02-12,71.512
2025-02-13,71.802
2025-02-14,70.949
2025-02-17,71.754
2025-02-18,72.162
2025-02-19,72.481
2025-02-20,72.931
2025-02-21,70.557
2025-02-24,71.209
2025-02-25,69.334
2025-02-26,69.081
2025-02-27,70.384
2025-02-28,70.221
2025-03-03,68.681
2025-03-04,68.248
2025-03-05,66.567
2025-03-06,66.42
2025-03-07,67.2
2025-03-10,66.029
2025-03-11,66.694
2025-03-12,67.789
2025-03-13,66.887
2025-03-14,67.265
2025-03-17,67.617
2025-03-18,66.884
2025-03-19,67.382
2025-03-20,68.698
2025-03-21,68.618
2025-03-24,69.452
2025-03-25,69.477
2025-03-26,70.21
2025-03-27,70.169
2025-03-28,69.276
2025-03-31,71.608
2025-04-01,71.357
2025-04-02,70.926
2025-04-03,66.809
2025-04-04,62.483
2025-04-07,61.083
2025-04-08,58.343
2025-04-09,62.829
2025-04-10,60.37
2025-04-11,61.593
2025-04-14,61.647
2025-04-15,61.525
2025-04-16,62.488
2025-04-17,64.267
2025-04-21,63.155
2025-04-22,63.98
2025-04-23,62.7
2025-04-24,63.193
2025-04-25,63.589
2025-04-28,62.244
2025-04-29,60.474
2025-04-30,58.504
2025-05-01,59.273
2025-05-02,58.666
2025-05-05,57.422
2025-05-06,59.229
2025-05-07,58.155
2025-05-08,60.443
2025-05-09,61.225
2025-05-12,62.105
2025-05-13,63.742
2025-05-14,62.97
2025-05-15,61.781
2025-05-16,62.467
2025-05-19,62.652
2025-05-20,62.727
2025-05-21,61.8
2025-05-22,61.241
2025-05-23,62.178
2025-05-26,61.932
2025-05-27,61.437
2025-05-28,62.227
2025-05-29,61.251
2025-05-30,61.07
2025-06-02,63.295
2025-06-03,63.606
2025-06-04,62.983
2025-06-05,63.489
2025-06-06,65.009
2025-06-09,65.563
2025-06-10,64.88
2025-06-11,68.422
2025-06-12,68.954
2025-06-13,73.07
2025-06-16,71.458
2025-06-17,75.247
2025-06-18,74.517
2025-06-19,75.264
2025-06-20,75.34
2025-06-23,68.364
2025-06-24,66.045
2025-06-25,65.927
2025-06-26,66.174
2025-06-27,66.001
2025-06-30,65.779
2025-07-01,66.314
2025-07-02,68.284
2025-07-03,67.877
2025-07-04,67.138
2025-07-07,68.487
2025-07-08,68.731
2025-07-09,68.798
2025-07-10,67.33
2025-07-11,69.139
2025-07-14,67.145
2025-07-15,66.822
2025-07-16,66.623
2025-07-17,67.539
2025-07-18,67.232
2025-07-21,66.854
2025-07-22,66.498
2025-07-23,66.421
2025-07-24,67.136
2025-07-25,65.989
2025-07-28,67.811
2025-07-29,70.101
2025-07-30,71.115
2025-07-31,70.132
2025-08-01,67.962
2025-08-04,66.817
2025-08-05,65.708
2025-08-06,64.785
2025-08-07,64.267
2025-08-08,63.789
2025-08-11,64.318
2025-08-12,63.36
2025-08-13,62.947
2025-08-14,63.954
2025-08-15,63.175
2025-08-18,63.404
2025-08-19,62.768
2025-08-20,63.621
2025-08-21,64.235
2025-08-22,64.469
2025-08-25,65.414
2025-08-26,63.925
2025-08-27,64.447
2025-08-28,64.908
2025-08-29,64.591
2025-09-01,65.117
2025-09-02,66.109
2025-09-03,64.211
2025-09-04,63.745
2025-09-05,62.358
2025-09-08,62.767
2025-09-09,63.07
2025-09-10,64.021
2025-09-11,62.507
2025-09-12,62.825
2025-09-15,63.438
2025-09-16,64.687
2025-09-17,64.093
2025-09-18,63.767
2025-09-19,62.797
2025-09-22,62.727
2025-09-23,64.022
2025-09-24,65.19
2025-09-25,65.579
2025-09-26,65.52
2025-09-29,63.449
2025-09-30,62.717
2025-10-01,62.051
2025-10-02,60.924
2025-10-03,60.926
2025-10-06,61.921
2025-10-07,62.219
2025-10-08,62.466
2025-10-09,61.686
2025-10-10,58.435
2025-10-13,59.651
2025-10-14,58.682
2025-10-15,58.832
2025-10-16,57.45
2025-10-17,57.708
2025-10-20,57.377
2025-10-21,58.012
2025-10-22,59.736
2025-10-23,62.193
2025-10-24,61.86
2025-10-27,61.909
2025-10-28,60.53
2025-10-29,60.691
2025-10-30,60.641
2025-10-31,61.188
2025-11-03,61.287
2025-11-04,60.664
2025-11-05,59.871
2025-11-06,59.725
2025-11-07,60.016
2025-11-10,60.192
2025-11-11,61.174
2025-11-12,58.603
2025-11-13,58.717
2025-11-14,59.971
2025-11-17,59.827
2025-11-18,60.734
2025-11-19,59.552
2025-11-20,58.896
2025-11-21,58.11
2025-11-24,59.028
2025-11-25,58.212
2025-11-26,58.658
2025-11-27,59.205
2025-11-28,58.545
2025-12-01,59.602
2025-12-02,58.696
2025-12-03,59.168
2025-12-04,59.794
2025-12-05,60.195
2025-12-08,58.9
2025-12-09,58.435
2025-12-10,58.996
2025-12-11,57.936
2025-12-12,57.556
2025-12-15,56.702
2025-12-16,55.234
2025-12-17,56.899
2025-12-18,56.057
2025-12-19,56.694
2025-12-22,58.093
2025-12-23,58.605
2025-12-24,58.51
2025-12-26,57.042
2025-12-29,57.94
2025-12-30,58.07
2025-12-31,57.504
2026-01-02,57.415
2026-01-05,58.402
